obs_id,doublet_score
AAACATACAACCAC-1,0.04231934497753779
AAACATTGAGCTAC-1,0.10900458776288563
AAACATTGATCAGC-1,0.25041144920719993
AAACCGTGCTTCCG-1,0.0392313806547059
AAACCGTGTATGCG-1,0.002763569186047082
AAACGCACTGGTAC-1,0.015402352877168192
AAACGCTGACCAGT-1,0.033287473022937775
AAACGCTGGTTCTT-1,0.014873861179997524
AAACGCTGTAGCCA-1,0.007966257243727645
AAACGCTGTTTCTG-1,0.0055821952668743
AAACTTGAAAAACG-1,0.213620631231202
AAACTTGATCCAGA-1,0.0035227046981971297
AAAGAGACGAGATA-1,0.02087327568895287
AAAGAGACGCGAGA-1,0.12774460224641693
AAAGAGACGGACTT-1,0.004567281756963994
AAAGAGACGGCATT-1,0.0012259475527874504
AAAGATCTGGGCAA-1,0.004552227134505908
AAAGCAGAAGCCAT-1,0.00817743428827574
AAAGCAGATATCGG-1,0.27619655430316925
AAAGCCTGTATGCG-1,0.05263930797162983
AAAGGCCTGTCTAG-1,0.9621731175316705
AAAGTTTGATCACG-1,0.0026032815674423343
AAAGTTTGGGGTGA-1,0.1841382152504391
AAAGTTTGTAGAGA-1,0.0014228451958236594
AAAGTTTGTAGCGT-1,0.004586038309045964
AAATCAACAATGCC-1,0.02218302349663443
AAATCAACACCAGT-1,0.001371936558926892
AAATCAACCAGGAG-1,0.006713417643267248
AAATCAACCCTATT-1,0.9670723742908902
AAATCAACGGAAGC-1,0.008073119394895103
AAATCAACTCGCAA-1,0.026872785348031256
AAATCATGACCACA-1,0.11751711741089821
AAATCCCTCCACAA-1,0.0023377107960792878
AAATCCCTGCTATG-1,0.0016241928533418104
AAATGTTGAACGAA-1,0.013774149119853973
AAATGTTGCCACAA-1,0.010969698830093775
AAATGTTGTGGCAT-1,0.019643056051184733
AAATTCGAAGGTTC-1,0.009006983199570742
AAATTCGAATCACG-1,0.0023515697943771053
AAATTCGAGCTGAT-1,0.031422033414451614
AAATTCGAGGAGTG-1,0.016570261472629175
AAATTCGATTCTCA-1,0.291563684741656
AAATTGACACGACT-1,0.0641359430220392
AAATTGACTCGCTC-1,0.29503892693254685
AACAAACTCATTTC-1,0.002109493297110829
AACAAACTTTCGTT-1,0.00971951576260229
AACAATACGACGAG-1,0.021111576817929745
AACACGTGCAGAGG-1,0.011206718226377334
AACACGTGGAAAGT-1,0.005272603516156475
AACACGTGGAACCT-1,0.010829803249281313
AACACGTGGCTACA-1,0.00690349117697527
AACACGTGTACGAC-1,0.041424133297469884
AACAGCACAAGAGT-1,0.0011906338008379356
AACATTGATGGGAG-1,0.19232133113675648
AACCAGTGATACCG-1,0.05411892793037825
AACCCAGATCGCTC-1,0.005800567192232443
AACCGATGCTCCCA-1,0.02111206188177069
AACCGATGGTCATG-1,0.009079246665351093
AACCGATGTTCTAC-1,0.004353518701261944
AACCGCCTAGCGTT-1,0.2763896882534027
AACCGCCTCTACGA-1,0.18044327365027535
AACCTACTGTGAGG-1,0.22132714837789536
AACCTACTGTGTTG-1,0.010937242898055248
AACCTTACGAGACG-1,0.0036598845100444225
AACCTTACGCGAGA-1,0.005650744712006094
AACCTTACTAACGC-1,0.014478287459092421
AACCTTTGGACGGA-1,0.004276715684682131
AACCTTTGTACGCA-1,0.03795871583537923
AACGCAACAAGTAG-1,0.02277835173946288
AACGCATGACCCAA-1,0.07060180521673626
AACGCATGCCTTCG-1,0.006562972738821473
AACGCATGTACTTC-1,0.3645375404093001
AACGCCCTCGGGAA-1,0.01534931848032607
AACGCCCTCGTACA-1,0.006811345701054152
AACGCCCTGCTTAG-1,0.0009884289740714142
AACGCCCTGGCATT-1,0.014189808487167789
AACGTCGAGTATCG-1,0.01456105808675703
AACGTGTGAAAGCA-1,0.016400606733643346
AACGTGTGGCGGAA-1,0.018627038846413296
AACGTGTGTCCAAG-1,0.0013992150779813528
AACGTGTGTGCTTT-1,0.020704115585734446
AACTACCTTAGAGA-1,0.01904882423372732
AACTCACTCAAGCT-1,0.05091868775586287
AACTCACTTGGAGG-1,0.005944581094404889
AACTCGGAAAGTGA-1,0.027967815183930926
AACTCGGAAGGTCT-1,0.0033231486255923906
AACTCTTGCAGGAG-1,0.0048046923863391084
AACTGTCTCCCTTG-1,0.009190399277334413
AACTTGCTACGCTA-1,0.3189062492714988
AACTTGCTGGGACA-1,0.005488458464646505
AAGAACGAGTGTTG-1,0.0015524669175243212
AAGAAGACGTAGGG-1,0.002753149090696954
AAGACAGAAGTCTG-1,0.0015144327432305242
AAGACAGAGGATCT-1,0.0025037358411484295
AAGACAGATTACCT-1,0.00784007595696797
AAGAGATGGGTAGG-1,0.00599788536136556
AAGATGGAAAACAG-1,0.0008747228728477947
AAGATGGAGAACTC-1,0.0648967046290636
AAGATGGAGATAAG-1,0.1364472574657864
AAGATTACAACCTG-1,0.0020426809690737477
AAGATTACAGATCC-1,0.130063034594059
AAGATTACCCGTTC-1,0.04635847835905022
AAGATTACCGCCTT-1,0.09841877015100585
AAGATTACCTCAAG-1,0.01235980449968742
AAGATTACTCCTCG-1,0.0010903856034726938
AAGCAAGAGCGAGA-1,0.19401082727644178
AAGCAAGAGCTTAG-1,0.033627639110717505
AAGCAAGAGGTGTT-1,0.02720156741432018
AAGCACTGAGCAAA-1,0.3961625066068437
AAGCACTGCATACG-1,0.003371413978230622
AAGCACTGGTTCTT-1,0.8921291497018602
AAGCCAACGTGTTG-1,0.002770831898993088
AAGCCATGAACTGC-1,0.6591318779521518
AAGCCATGACACGT-1,0.00632557400321174
AAGCCATGCGTGAT-1,0.01585463708680537
AAGCCATGTCTCGC-1,0.0036544552098752726
AAGCCTGACATGCA-1,0.020271671910045877
AAGCCTGACCGAAT-1,0.00526068431726243
AAGCGACTCCTCAC-1,0.04842180199921131
AAGCGACTGTGTCA-1,0.005593924912520581
AAGCGACTTACAGC-1,0.002941485436167568
AAGCGACTTTGACG-1,0.05132860980100102
AAGCGTACGTCTTT-1,0.0022595949671489913
AAGGCTTGCGAACT-1,0.00662812453487681
AAGGTCACGGTTAC-1,0.0032587426798676867
AAGGTCACTGTTTC-1,0.007095823504237665
AAGGTCACTTCCCG-1,0.1723360013630655
AAGGTCTGACAGTC-1,0.018013917168395385
AAGGTCTGCAGATC-1,0.0006470587322837673
AAGGTCTGGTATGC-1,0.0010448772162716421
AAGTAACTCTGAAC-1,0.0034094558601888516
AAGTAACTGAGATA-1,0.002103325396698589
AAGTAGGATACAGC-1,0.005648721982854315
AAGTATACCGAACT-1,0.08057111377517383
AAGTCCGACTTGTT-1,0.010934072857101759
AAGTCCGATAGAAG-1,0.09078991247547998
AAGTCTCTAGTCGT-1,0.036711202934384346
AAGTCTCTCGGAGA-1,0.006518891805575954
AAGTGGCTTGGAGG-1,0.003185592941008508
AAGTTCCTCATTCT-1,0.0476314520670308
AAGTTCCTTCTTAC-1,0.1441948405570454
AATAAGCTCGAATC-1,0.13604513224628237
AATAAGCTCGTTGA-1,0.001923183456205556
AATACCCTGGACGA-1,0.005916152666840289
AATACCCTGGCATT-1,0.021527583193447854
AATACTGAAAGGGC-1,0.11538636684417725
AATACTGAATTGGC-1,0.028834737112952605
AATAGGGAACCCTC-1,0.06319662659532493
AATAGGGAGAATGA-1,0.04753404917816321
AATCAAACTATCGG-1,0.1538932000597318
AATCCGGAATGCTG-1,0.0780067890882492
AATCCTACCGGTAT-1,0.0043117082419080865
AATCCTTGACGGGA-1,0.026347481024761994
AATCCTTGGTGAGG-1,0.00563502738562723
AATCGGTGGAACTC-1,0.03585361999770006
AATCGGTGTGCTTT-1,0.0023544009438612396
AATCTAGAAAAGTG-1,0.037008020354227886
AATCTAGAATCGGT-1,0.016727801360603835
AATCTCACAGCCTA-1,0.03700812109228638
AATCTCACTCTAGG-1,0.015031975538780292
AATCTCTGAACAGA-1,0.0037434735956291356
AATCTCTGCTTTAC-1,0.010319325840100646
AATGATACACCAAC-1,0.008427478269570403
AATGATACGGTCAT-1,0.025434184819459915
AATGCGTGACACCA-1,0.03412643385430177
AATGCGTGGACGGA-1,0.5797343287203047
AATGCGTGGCTATG-1,0.016911313532748155
AATGGAGAATCGTG-1,0.005076631166351338
AATGGAGATCCTTA-1,0.04456586018204689
AATGGCTGACACCA-1,0.03170912112626764
AATGGCTGCGTGAT-1,0.01894812474751638
AATGGCTGTAAAGG-1,0.004701578730924262
AATGGCTGTACTCT-1,0.009242288975252045
AATGGCTGTGAAGA-1,0.0033665118454438117
AATGTAACGGTGGA-1,0.004971167247276753
AATGTAACGTTTGG-1,0.0065151361955536734
AATGTCCTCTTCTA-1,0.06338877893156475
AATGTTGACAGTCA-1,0.016824558946407504
AATGTTGAGTTGAC-1,0.005042552081350651
AATGTTGATCTACT-1,0.07330751419067383
AATTACGAATTCCT-1,0.21614331172572243
AATTACGACTTCTA-1,0.004335033513295154
AATTACGAGTAGCT-1,0.04911133564180798
AATTACGAGTGAGG-1,0.11546960059139463
AATTACGATTGGCA-1,0.011520652139248947
AATTCCTGCTCAGA-1,0.00996990446259992
AATTGATGTCGCAA-1,0.0687162076226539
AATTGTGACTTGGA-1,0.022640237791670695
ACAAAGGAGGGTGA-1,0.0018145945699264605
ACAAATTGATTCTC-1,0.06419769322706594
ACAAATTGCTCAGA-1,0.001714080080596937
ACAAATTGTTGCGA-1,0.057391730758051075
ACAACCGAGGGATG-1,0.6003944443331825
ACAACCGAGTTACG-1,0.018228327958948083
ACAAGAGAAGTCGT-1,0.16507968637678358
ACAAGAGACTTATC-1,0.0023809175634394502
ACAAGAGAGTTGAC-1,0.005151841168602307
ACAATCCTAACCGT-1,0.05315939419799381
ACAATCCTTAGCGT-1,0.007510383438784629
ACAATTGACTGACA-1,0.06322995573282242
ACAATTGATGACTG-1,0.016139089724876814
ACACAGACACCTGA-1,0.0012783539245396645
ACACAGACCATACG-1,0.045603239287932716
ACACCAGAGGGCAA-1,0.05063978893061479
ACACCCTGGTGTTG-1,0.013076329720206559
ACACGAACAGTTCG-1,0.0037904499848890635
ACACGATGACGCAT-1,0.057561705302861005
ACACGATGATGTGC-1,0.015461582742217515
ACACGATGTCGTAG-1,0.610533552037345
ACACGATGTGGTCA-1,0.2405275520351198
ACAGACACGGCATT-1,0.06027747276756498
ACAGACACGTTGTG-1,0.007820770325553086
ACAGCAACACCTAG-1,0.0017132967251301226
ACAGCAACCTCAAG-1,0.03900932065314717
ACAGGTACCCCACT-1,0.005729349873339136
ACAGGTACGCTGTA-1,0.17578938603401184
ACAGGTACTGGTGT-1,0.014637179504562583
ACAGTCGACCCAAA-1,0.002397008673546629
ACAGTCGACCGATA-1,0.07111053085989422
ACAGTGACTCACCC-1,0.32326242493258583
ACAGTGACTCTATC-1,0.04717952592505349
ACAGTGTGGTCACA-1,0.001370542236448576
ACAGTGTGTTGCGA-1,0.002847193410464873
ACATCACTCTACTT-1,0.022868087980896235
ACATGGTGAAGCCT-1,0.007780440901923511
ACATGGTGCAACCA-1,0.0249360838594536
ACATGGTGCGAGTT-1,0.004769693161102219
ACATGGTGCGTTGA-1,0.005617832454542319
ACATTCTGGCATAC-1,0.028341077061163053
ACATTCTGGGAACG-1,0.9291486740112305
ACCAACGACATGCA-1,0.0019616696517914534
ACCACAGAAAGTAG-1,0.007585592283349898
ACCACAGAGTTGGT-1,0.005373875183674197
ACCACCTGTGTGCA-1,0.001971856129886065
ACCACGCTACAGCT-1,0.005031914657188786
ACCACGCTACCCAA-1,0.012808798294928338
ACCACGCTGCGAGA-1,0.03795632999390364
ACCACGCTGCTGTA-1,0.024796422570943832
ACCAGCCTGACAGG-1,0.04539887369092968
ACCAGTGAACGGTT-1,0.0075436915180438924
ACCAGTGAATACCG-1,0.10467597511079577
ACCAGTGAGGGATG-1,0.006724504495246543
ACCAGTGATGACTG-1,0.0010863779203241898
ACCATTACCTTCTA-1,0.027148171638449032
ACCATTACGAGATA-1,0.08690309586624305
ACCATTTGTCATTC-1,0.006490408559329808
ACCCAAGAACTGTG-1,0.013348082623754939
ACCCAAGAATTCCT-1,0.02506014743509392
ACCCAAGAGGACAG-1,0.0622872029327684
ACCCAAGATTCACT-1,0.003701021548800377
ACCCACTGCGCCTT-1,0.004186191938869242
ACCCACTGGACAGG-1,0.0014169259278181319
ACCCACTGGTTCAG-1,0.04621336334902379
ACCCACTGTCGTAG-1,0.056522250175476074
ACCCAGCTCAGAAA-1,0.030510818378792867
ACCCAGCTGTTAGC-1,0.9375317957666185
ACCCAGCTTGCTTT-1,0.006378493763299452
ACCCGTTGATGACC-1,0.0059047090018995935
ACCCGTTGCTGCAA-1,0.0026114348858957076
ACCCGTTGCTTCTA-1,0.9535054829385545
ACCCTCGACCTATT-1,0.010153152772949802
ACCCTCGACGGTAT-1,0.003125549024035637
ACCCTCGATAAGGA-1,0.042144939510358706
ACCCTCGATCAAGC-1,0.0038933147572808796
ACCGTGCTACCAGT-1,0.02519761910662055
ACCGTGCTGGAACG-1,0.01435282136986239
ACCTATTGCTGAGT-1,0.008304167166999023
ACCTATTGTGCCCT-1,0.03980350044245521
ACCTCCGAGTCCTC-1,0.020316550094220374
ACCTCCGATATGCG-1,0.024185992337556347
ACCTCCGATGCTGA-1,0.0034895088982820096
ACCTCGTGAACCAC-1,0.03163563853336705
ACCTGAGATATCGG-1,0.003503082035523322
ACCTGGCTAAGTAG-1,0.009823746416562548
ACCTGGCTGTCTTT-1,0.0090935058089801
ACCTTTGACTCCCA-1,0.03345102853038245
ACCTTTGAGGAACG-1,0.2489567200342814
ACCTTTGAGGAAGC-1,0.3951217068566216
ACGAACACCTTGTT-1,0.007474134818443822
ACGAACTGGCTATG-1,0.11901812151902252
ACGAAGCTCTCCAC-1,0.0009255121484683412
ACGAAGCTCTGAGT-1,0.6454192135069106
ACGACCCTATCTCT-1,0.1675548338227802
ACGACCCTGATGAA-1,0.01709863765993052
ACGACCCTTGACAC-1,0.010640777608690163
ACGACCCTTGACCA-1,0.002230742732839038
ACGAGGGACAGGAG-1,0.7061953213479784
ACGAGGGACGAACT-1,0.010463288312570916
ACGAGGGATGTAGC-1,0.13255534734990862
ACGAGTACCCTAAG-1,0.0037054112439768184
ACGAGTACGAATCC-1,0.9410201443566216
ACGATCGAGGACTT-1,0.13453378362788093
ACGATCGAGTCACA-1,0.010113659935692946
ACGATGACAATGCC-1,0.02266212477762666
ACGATGACTGGTCA-1,0.03440479623774687
ACGATTCTACGGGA-1,0.006539088544539279
ACGCAATGGTTCAG-1,0.004319740110076964
ACGCACCTGTTAGC-1,0.007715989570392089
ACGCCACTGAACTC-1,0.0036360526509169075
ACGCCGGAAACCAC-1,0.009218752099615004
ACGCCGGAAAGCCT-1,0.003695232942441685
ACGCCGGAAATGCC-1,0.009066719923996262
ACGCCTTGCTCCCA-1,0.035402433222366705
ACGCGGTGGCGAGA-1,0.019000303621093433
ACGCGGTGTGTGGT-1,0.01475850228841106
ACGCGGTGTTTGCT-1,0.019087785622105002
ACGCTCACAGTACC-1,0.00469808091616465
ACGCTCACCCTTGC-1,0.012337236846279766
ACGCTGCTGTTCTT-1,0.015237579212730957
ACGGAACTCAGATC-1,0.006964052024866558
ACGGAACTGTCGTA-1,0.014616821219937669
ACGGAGGACTCTTA-1,0.06730350313915147
ACGGATTGGGAGGT-1,0.0028510637413192955
ACGGATTGGTTAGC-1,0.27645956642097896
ACGGCTCTGAGCAG-1,0.1031412896182802
ACGGCTCTTGCACA-1,0.01063874534641703
ACGGTAACCGCTAA-1,0.015771923638466332
ACGGTAACCTTCGC-1,0.012750342514158951
ACGGTAACGGTGGA-1,0.0015193223629871176
ACGGTAACTCGCAA-1,0.010853671054873202
ACGGTATGAGTCGT-1,0.0019910304270322537
ACGGTATGGGTATC-1,0.020152382138702605
ACGGTATGGTTGTG-1,0.004991081245760951
ACGGTCCTAACGGG-1,0.027122590975422
ACGGTCCTCGGGAA-1,0.019836523932301335
ACGTAGACAACCAC-1,0.024263158957991336
ACGTAGACTACAGC-1,0.009229474519896839
ACGTCAGAAACGAA-1,0.05142025928944349
ACGTCAGAGAGCTT-1,0.005856924269917524
ACGTCAGAGGGATG-1,0.006233269704454061
ACGTCCTGATAAGG-1,0.01034167199395597
ACGTCCTGTGAACC-1,0.02841229209055503
ACGTCGCTCCTGAA-1,0.11764586737586392
ACGTCGCTCTATTC-1,0.40154526631037396
ACGTCGCTTCTCAT-1,0.004994846919241051
ACGTGATGCCATGA-1,0.3495066728856828
ACGTGATGGGTCTA-1,0.006157579922324253
ACGTGATGTAACCG-1,0.04429543468480309
ACGTGATGTGACAC-1,0.08274281883819236
ACGTGCCTCCGTAA-1,0.0224621188826859
ACGTGCCTTCTATC-1,0.004923044742705922
ACGTTACTTTCCAT-1,0.0290220786506931
ACGTTGGAAAAGCA-1,0.001755255292260295
ACGTTGGAAACCTG-1,0.07593212566441959
ACGTTGGACCGTAA-1,0.00295655709083399
ACGTTGGAGCCAAT-1,0.010123698047310527
ACGTTGGATATGGC-1,0.001651235036357927
ACGTTGGATCAGGT-1,0.036123900984724365
ACGTTTACATCAGC-1,0.00462152811491655
ACTAAAACCCACAA-1,0.015876362255464
ACTAAAACTCGACA-1,0.003830170452905198
ACTACGGAATTTCC-1,0.02834957791492343
ACTACGGACCTATT-1,0.004785073759396457
ACTACGGATCGCTC-1,0.11036787678798039
ACTACTACTAAGGA-1,0.0046837299855218995
ACTAGGTGGAACCT-1,0.019837132034202416
ACTAGGTGGAACTC-1,0.11663755691713756
ACTATCACCTTGGA-1,0.04102173219952318
ACTATCACTGCCAA-1,0.008174374828942947
ACTCAGGACTGAAC-1,0.012364521596787704
ACTCAGGATCTATC-1,0.0025629198514959877
ACTCAGGATTCGTT-1,0.001998389333796998
ACTCCTCTCAACTG-1,0.16730170407229
ACTCGCACGAAAGT-1,0.006435024144593626
ACTCGCACTACGAC-1,0.005203999675965558
ACTCTCCTGACACT-1,0.0016788305624181198
ACTCTCCTGCATAC-1,0.519901735915078
ACTCTCCTGTTTGG-1,0.009273047093302011
ACTGAGACAACCAC-1,0.046130428918533854
ACTGAGACCCATAG-1,0.03449724935409096
ACTGAGACGTTGGT-1,0.2311249209774865
ACTGCCACACACGT-1,0.027608070108625624
ACTGCCACTCCGTC-1,0.01516760387716608
ACTGGCCTTCAGTG-1,0.010953997721015993
ACTGTGGACGTGTA-1,0.9298970301946005
ACTGTGGATCTAGG-1,0.9506776266627841
ACTGTTACCCACAA-1,0.0017917562185579704
ACTGTTACTGCAGT-1,0.001962546087775586
ACTTAAGAACCACA-1,0.007248011559972333
ACTTAAGACCACAA-1,0.00916888829993291
ACTTAAGATTACTC-1,0.08040341114004453
ACTTAGCTGCGTAT-1,0.021068344798146024
ACTTAGCTGGGAGT-1,0.029605458283589944
ACTTCAACAAGCAA-1,0.7741625110308329
ACTTCAACGTAGGG-1,0.006139648577017296
ACTTCCCTTTCCGC-1,0.002844327203800074
ACTTCTGACATGCA-1,0.003800473764487025
ACTTGACTCCACAA-1,0.005259584719573872
ACTTGGGAGAAAGT-1,0.05405027812553777
ACTTGGGAGGTTTG-1,0.025426281253910728
ACTTGGGATGTGAC-1,0.006335361789549804
ACTTGGGATTGACG-1,0.06152710773878627
ACTTGTACCCGAAT-1,0.026501724186042946
ACTTGTACCTGTCC-1,0.001550342662893753
ACTTTGTGCGATAC-1,0.0020982484824748505
ACTTTGTGGAAAGT-1,0.0053269558896621065
ACTTTGTGGATAGA-1,0.04886922819746865
AGAAACGAAAGTAG-1,0.0031580393907562313
AGAAAGTGCGCAAT-1,0.06829665642645624
AGAAAGTGGGGATG-1,0.0023825918777017957
AGAACAGAAATGCC-1,0.010700933208378652
AGAACAGACGACTA-1,0.004594719263776723
AGAACAGAGACAAA-1,0.07164714237054189
AGAACGCTTTGCTT-1,0.0027591052639763802
AGAAGATGTGACTG-1,0.1820543019307984
AGAATGGAAGAAGT-1,0.042080923500988215
AGAATTTGTAACCG-1,0.02491584275331762
AGAATTTGTAGAGA-1,0.0013103490297604974
AGACACACTGTAGC-1,0.0047361228045903975
AGACACTGTCAAGC-1,0.0020079445578934005
AGACCTGAAGTAGA-1,0.010871640497094227
AGACCTGACCAACA-1,0.2125922590494156
AGACCTGAGGAAGC-1,0.12036792354451285
AGACGTACAGAGGC-1,0.1033100543750657
AGACGTACCCCTAC-1,0.00376223430955886
AGACGTACCTCTTA-1,0.06083211344149378
AGACGTACTCGTGA-1,0.01713817509719067
AGACTGACCATCAG-1,0.038469510773817696
AGACTGACCCTTTA-1,0.09492576246460278
AGACTTCTCATGCA-1,0.0016597513992261763
AGAGATGACAGTCA-1,0.000989126613906895
AGAGATGACTGAAC-1,0.002029368699166096
AGAGATGAGGTTTG-1,0.010735128618155917
AGAGATGATCTCGC-1,0.18801654295788872
AGAGATGATTGTGG-1,0.03415848376850287
AGAGCGGAGGCAAG-1,0.11903088870975706
AGAGGTCTACAGCT-1,0.8674889273113675
AGAGTCTGGTCGTA-1,0.09595521580841807
AGAGTGCTCAGCTA-1,0.011338642578468554
AGAGTGCTCGAATC-1,0.07534907302922672
AGAGTGCTGTCATG-1,0.08140610324011908
AGAGTGCTGTCCTC-1,0.03080895563794507
AGAGTGCTGTGTTG-1,0.00364164757128391
AGATATACCCGTAA-1,0.07096473417348331
AGATATACGATGAA-1,0.004229866511498888
AGATATACTGTTCT-1,0.02373681077733636
AGATATTGCCTACC-1,0.11645922809839249
AGATATTGGCCAAT-1,0.030159640695071883
AGATCGTGTCTGGA-1,0.01562390372984939
AGATCGTGTTTGTC-1,0.0020157014983447474
AGATCTCTATCACG-1,0.004538054396915767
AGATTAACGTTCTT-1,0.022791775745443173
AGATTCCTATCGTG-1,0.050458324866162405
AGATTCCTCACTTT-1,0.013222482081295716
AGATTCCTGACGAG-1,0.010306302897839082
AGATTCCTGTTCAG-1,0.022422451435381338
AGCAAAGATATGCG-1,0.007890364879535304
AGCACAACAGTCTG-1,0.0011798943968541506
AGCACTGAGGGAGT-1,0.01562763918708596
AGCACTGATATGCG-1,0.023090848906172648
AGCACTGATGCTTT-1,0.4236660467253791
AGCACTGATTGCGA-1,0.005801577948861652
AGCATCGAAGATCC-1,0.016301171543697517
AGCATCGAAGGGTG-1,0.010429726926506393
AGCATCGAGCTTCC-1,0.004905434170116981
AGCATCGAGTGAGG-1,0.13414211405648124
AGCATCGATAACCG-1,0.02077983335281412
AGCATGACGATGAA-1,0.03133045726766189
AGCCAATGGGGAGT-1,0.012195592869021412
AGCCAATGTATCTC-1,0.04887974986599551
AGCCACCTGGATCT-1,0.023256741515878174
AGCCGGTGCCAATG-1,0.2942488011386659
AGCCGGTGTGTTTC-1,0.009675086631129185
AGCCGTCTCAATCG-1,0.12745614101489386
AGCCGTCTGAGAGC-1,0.14294798341062334
AGCCTCACGTTCGA-1,0.003043332916503358
AGCCTCACTGTCAG-1,0.17851852046118843
AGCCTCTGCAGTTG-1,0.0017836984334280714
AGCCTCTGCCAATG-1,0.022432333065403834
AGCGAACTGGATCT-1,0.0065075143421482705
AGCGAACTTACTGG-1,0.03739266314854225
AGCGATACGGAGCA-1,0.0011290496881378607
AGCGATTGAGATCC-1,0.010957239674300782
AGCGCCGAATCTCT-1,0.003786326570358748
AGCGCCGACAGAGG-1,0.59685637222396
AGCGCTCTACCTTT-1,0.01028570429318481
AGCGGCACCGGGAA-1,0.001167604513789734
AGCGGCTGATGTGC-1,0.09912370724810494
AGCGGGCTTGCCAA-1,0.06420644538270102
AGCGTAACATGCTG-1,0.032854738334814705
AGCGTAACTGAGAA-1,0.02427874981529183
AGCTCGCTACTGGT-1,0.006488473529720472
AGCTCGCTCTGCTC-1,0.00666071686686741
AGCTGAACCATACG-1,0.023127702996134758
AGCTGAACCTCTCG-1,0.013580428022477362
AGCTGCCTTGGGAG-1,0.001931510163962634
AGCTGCCTTTCATC-1,0.8798634277449714
AGCTGCCTTTCTGT-1,0.03643065152896775
AGCTGTGATCCAAG-1,0.016373861943268113
AGCTTTACAAGTAG-1,0.002026858626373319
AGCTTTACACCAAC-1,0.05371132865548134
AGCTTTACTCTCAT-1,0.0190052588780721
AGGAAATGAGGAGC-1,0.027200067829754617
AGGAACCTCTTAGG-1,0.05968716802696387
AGGAACCTTGCCTC-1,0.04032295714649889
AGGAATGATAACGC-1,0.019682493009087112
AGGAATGATTTGTC-1,0.02590660761213965
AGGAGTCTGGTTTG-1,0.010557385058038764
AGGAGTCTTGTCAG-1,0.0015774664659855058
AGGATAGACATTTC-1,0.09308943069643444
AGGATAGAGGATTC-1,0.021281358578966722
AGGATGCTACTAGC-1,0.007869534815351168
AGGATGCTTTAGGC-1,0.00624511442017845
AGGCAACTGAAGGC-1,0.03513624384585354
AGGCAGGAGTACCA-1,0.04126643120414681
AGGCCTCTAGTCGT-1,0.0034365293750953344
AGGCCTCTCGGAGA-1,0.012565217808716826
AGGCCTCTCGTAAC-1,0.0013239026625847651
AGGGACGACGTTGA-1,0.0023534025628274926
AGGGACGAGTCAAC-1,0.012141517195333209
AGGGACGAGTTGTG-1,0.0019328511423534816
AGGGACGATAGAGA-1,0.01234306131179134
AGGGACGATGCATG-1,0.017424390082144074
AGGGAGTGAGCCTA-1,0.0029033152709922027
AGGGCCACCATACG-1,0.00345760829319867
AGGGCGCTAACCAC-1,0.9023106429311964
AGGGCGCTATGGTC-1,0.07410772351755036
AGGGTGGACAGTCA-1,0.016253551985654566
AGGGTGGACTCAAG-1,0.006488735334844225
AGGGTGGAGTTGCA-1,0.033245873844458
AGGGTTTGTTCATC-1,0.013461498039153716
AGGTCATGAGTGTC-1,0.0020525095977872196
AGGTCATGCTTATC-1,0.028756136385103066
AGGTCTGATTCTCA-1,0.013362902630534437
AGGTGGGAAGAATG-1,0.00972776125288672
AGGTGGGAAGTTCG-1,0.0046455893769032424
AGGTGTTGGTTACG-1,0.01146080482026769
AGGTTCGAACCTCC-1,0.002423701151403495
AGGTTCGAACGTAC-1,0.0033726735920127896
AGGTTCGAGGGTGA-1,0.001527783734167719
AGTAAGGAGTTTGG-1,0.01487767956374834
AGTAAGGATTCTTG-1,0.024850239822020132
AGTAATACATCACG-1,0.44774464931752944
AGTAATACCGAACT-1,0.0026209914293657574
AGTAATTGTCCCAC-1,0.02573432530172997
AGTACGTGAGGGTG-1,0.00521197446828915
AGTACGTGCTGCAA-1,0.31728529267840916
AGTACGTGCTTGGA-1,0.020939789505468473
AGTACTCTACGTGT-1,0.003829414176935744
AGTACTCTCAACCA-1,0.017708809321953192
AGTACTCTCGGTAT-1,0.046714145793683
AGTAGGCTTGCCTC-1,0.052576079964637756
AGTATAACTTGTCT-1,0.08531536161899567
AGTATCCTAGAACA-1,0.0016149179201521394
AGTCACGATGAGCT-1,0.8794322411219279
AGTCAGACGAATAG-1,0.14745353410641351
AGTCAGACGCTTAG-1,0.0015384161411525889
AGTCAGACTAGAGA-1,0.08024012255999777
AGTCAGACTGCACA-1,0.005610244089944495
AGTCCAGATATCTC-1,0.0023080876271706074
AGTCCAGATTTCAC-1,0.012812805491396122
AGTCGAACCAACCA-1,0.0012241277484766517
AGTCGCCTCCGTAA-1,0.01563836566896902
AGTCTACTAGGGTG-1,0.0019142140517942607
AGTCTACTTGCATG-1,0.14623183301753467
AGTCTTACACCACA-1,0.002330422660128938
AGTCTTACTTCGCC-1,0.04325296895371543
AGTCTTACTTCGGA-1,0.04021806479431689
AGTGACTGCAACTG-1,0.07317533820039696
AGTGTTCTAACCTG-1,0.0819237699939145
AGTGTTCTATAAGG-1,0.0010197003753597124
AGTGTTCTCACTTT-1,0.006078286872555812
AGTTAAACCACTTT-1,0.09501249798470074
AGTTATGAACAGTC-1,0.015352187419517173
AGTTATGACTGAGT-1,0.11706996688412295
AGTTATGAGTTCAG-1,0.03196774464514521
AGTTCTACCAGCTA-1,0.0038533228798769414
AGTTCTTGAAGCCT-1,0.003430755356223219
AGTTGTCTACTACG-1,0.013667878048080537
AGTTTAGATGGTCA-1,0.0023702070724943448
AGTTTCACGGTCTA-1,0.05202193040814665
AGTTTGCTACAGTC-1,0.0027167513746664757
AGTTTGCTACTGGT-1,0.5462357236279382
AGTTTGCTCCAAGT-1,0.013596437716235718
ATAAACACAGTGCT-1,0.01907868476377593
ATAAACACCACCAA-1,0.03257751195795006
ATAACAACATGCTG-1,0.009688304452639487
ATAACAACGTCTAG-1,0.008014132242856754
ATAACAACTTTGTC-1,0.0534119096895059
ATAACATGTACTCT-1,0.14271335345175531
ATAACCCTGTTGGT-1,0.002678877758120911
ATAACCCTTGGTAC-1,0.06930691748857498
ATAAGTACGAATGA-1,0.0034555074364309097
ATAAGTTGGTACGT-1,0.007268275955640193
ATAAGTTGTCTAGG-1,0.05792099051177502
ATAATCGAGCTGAT-1,0.0030291961997540463
ATAATCGATGGTTG-1,0.0037157308866476845
ATAATGACCTACTT-1,0.01660307248433431
ATAATGACTCGTGA-1,0.0050978606547384215
ATACAATGTTAGGC-1,0.08231140673160553
ATACCACTCGTACA-1,0.012704021323265301
ATACCACTCTAAGC-1,0.2386189666059282
ATACCACTGCCAAT-1,0.06999261635873053
ATACCGGAATGCTG-1,0.5972373750474718
ATACCGGACATTTC-1,0.01644256801551415
ATACCGGACTTCGC-1,0.16022315538591808
ATACCGGAGGTGTT-1,0.0029645972859321367
ATACCGGATCTCGC-1,0.018526606830871768
ATACCTACGCATCA-1,0.05892740852302975
ATACCTTGGGGCAA-1,0.013970196402321259
ATACGGACAGACTC-1,0.0028483316321702055
ATACGGACCTACTT-1,0.001285104317099063
ATACGGACGAGGTG-1,0.0033757378502438464
ATACGGACTATGCG-1,0.0017153627155089958
ATACGGACTCTGGA-1,0.0026557595766563383
ATACGTCTTAACGC-1,0.006972968759429123
ATACTCTGCTTCGC-1,0.07422710417045487
ATACTCTGGTATGC-1,0.006691427590946357
ATAGATACCATGGT-1,0.026845056046214368
ATAGATACGACGAG-1,0.0032494805119414297
ATAGATTGGTGTAC-1,0.07943866360518667
ATAGCCGAACGGAG-1,0.0025305559942757506
ATAGCGTGCAGATC-1,0.013396348804235458
ATAGCGTGCCCTTG-1,0.006514425881000029
ATAGCGTGGTATCG-1,0.002151290452780409
ATAGCGTGTCTCTA-1,0.011552815325558186
ATAGCTCTCTGATG-1,0.002796559827402234
ATAGCTCTGAGGTG-1,0.0034104009133039247
ATAGGAGAAACAGA-1,0.03416974573499627
ATAGGCTGTCAGAC-1,0.0027259937746243346
ATAGTCCTAGTGTC-1,0.006495414883829653
ATAGTCCTTGCATG-1,0.048993613363968
ATAGTCCTTGTCGA-1,0.013249853522413306
ATAGTTGACAACTG-1,0.009077162869895497
ATAGTTGACCCTCA-1,0.02257512834492243
ATAGTTGAGACGTT-1,0.002778518586031472
ATAGTTGATAAGCC-1,0.003837348392052162
ATATACGAAGCCAT-1,0.0012830400195929946
ATATACGAATTGGC-1,0.4529675344626109
ATATAGTGGAATGA-1,0.0011316829461268047
ATATGCCTAGATCC-1,0.005573221391791271
ATATGCCTGGACAG-1,0.18193667464786106
ATATGCCTTCTCTA-1,0.003160091786412522
ATATGCCTTGGTAC-1,0.0022505124280643132
ATCAAATGAGCCTA-1,0.019998203135199018
ATCAAATGGGTAAA-1,0.04489678066844741
ATCAACCTAAACGA-1,0.023234538837439485
ATCAACCTGAGGAC-1,0.018132926999694772
ATCAACCTTCTCTA-1,0.1319175884127617
ATCAACCTTTGTCT-1,0.05074668013387256
ATCACACTTTGTCT-1,0.016649400556666985
ATCACGGATTGCTT-1,0.0023670485113850897
ATCACGGATTTCGT-1,0.006360996482221203
ATCATCTGACACCA-1,0.04030753641078869
ATCATGCTAGAGTA-1,0.00462500721267942
ATCATGCTGAACCT-1,0.11183910154634052
ATCCAGGACGCTAA-1,0.030821603955700994
ATCCAGGATGGAAA-1,0.012382050458755758
ATCCATACTCCTTA-1,0.005649404276886748
ATCCATACTTCATC-1,0.04864879438860549
ATCCCGTGCAGTCA-1,0.014674917290297648
ATCCCGTGCATGCA-1,0.0011903855031252736
ATCCCGTGGCTGAT-1,0.020078949733740754
ATCCGCACGCATCA-1,0.007161013626803954
ATCCTAACGACGGA-1,0.0047833970553862555
ATCCTAACGCTACA-1,0.1715202753742536
ATCGACGAAACTGC-1,0.06013998699684938
ATCGACGAATGACC-1,0.041773829609155655
ATCGAGTGGACGTT-1,0.03668486244148678
ATCGCAGAATCTCT-1,0.0966570387697882
ATCGCAGAGTGTCA-1,0.026807143456406064
ATCGCCACTGAGGG-1,0.00734802537287275
ATCGCCTGGGTCAT-1,0.06675366374353568
ATCGCCTGTGGCAT-1,0.0016096512085318358
ATCGCGCTCAGAGG-1,0.003249570067661504
ATCGCGCTGGGATG-1,0.020504069928493764
ATCGCGCTTTTCGT-1,0.008342378604639735
ATCGGAACCAGTCA-1,0.0037360878066263264
ATCGGTGAGTCAAC-1,0.00157898967316012
ATCGGTGATTGCAG-1,0.15101435697740978
ATCGTTTGCCTACC-1,0.058291641581389636
ATCGTTTGGGTACT-1,0.004153162557890432
ATCGTTTGTGCCAA-1,0.0008926337646294592
ATCTACACCCGCTT-1,0.0014282854455005792
ATCTACACCGGGAA-1,0.004798015631321404
ATCTCAACAGGAGC-1,0.008516402358913587
ATCTCAACCTCGAA-1,0.0006807903797986606
ATCTCAACCTTGTT-1,0.0043034297155423295
ATCTGGGAAACCAC-1,0.016566775583972532
ATCTGGGAAGTGTC-1,0.09401374931136768
ATCTGGGATTCCGC-1,0.3721765875816345
ATCTGTTGAACGGG-1,0.08989656675193045
ATCTGTTGACCTCC-1,0.49964396821128
ATCTGTTGCCTTCG-1,0.1788665900627772
ATCTGTTGGTTGCA-1,0.11125191176931064
ATCTTGACACCAAC-1,0.05958498807417022
ATCTTGACCTCCCA-1,0.005225403661218782
ATCTTTCTGCATCA-1,0.003273638967786812
ATCTTTCTGTTTCT-1,0.06261372442046802
ATCTTTCTTGTCCC-1,0.004920260628245564
ATGAAACTCTGTGA-1,0.189310093720754
ATGAAACTGAGGCA-1,0.0040332135977223516
ATGAAGGAACAGCT-1,0.011137802050345473
ATGAAGGACCTGTC-1,0.012628400064487424
ATGAAGGACCTTAT-1,0.0012224262916586464
ATGAAGGACTAGTG-1,0.0018385437223413545
ATGAAGGACTTGCC-1,0.012930090555326186
ATGACGTGACGACT-1,0.0050787468078649705
ATGACGTGATCGGT-1,0.040191036752528615
ATGAGAGAAAGTGA-1,0.024487463757395744
ATGAGAGAACGCAT-1,0.004640158356374336
ATGAGAGAAGTAGA-1,0.010422602451095978
ATGAGCACACAGCT-1,0.23815146585305533
ATGAGCACATCTTC-1,0.008144265221845772
ATGATAACTTCACT-1,0.009400677246352037
ATGATATGAAACAG-1,0.934823215007782
ATGATATGACTGGT-1,0.006263361545279622
ATGATATGAGCACT-1,0.004224041619131135
ATGATATGGTCATG-1,0.0013177946982775917
ATGATATGGTGCTA-1,0.043873528535995215
ATGATATGTTGTCT-1,0.048542562044329114
ATGCACGAATGTCG-1,0.0035665680706087085
ATGCACGACTGTAG-1,0.011570306223196289
ATGCACGAGAACCT-1,0.13856970518827438
ATGCACGAGTTCGA-1,0.012152700141693154
ATGCACGATTGGTG-1,0.14130439195368025
ATGCAGTGTTACCT-1,0.0029689320363104343
ATGCAGTGTTCTAC-1,0.015007732254970405
ATGCCAGAACGACT-1,0.0447048411394159
ATGCCAGACAGTCA-1,0.003337319028408577
ATGCCGCTTGAACC-1,0.02849811129271984
ATGCGATGCTATGG-1,0.13712022536330754
ATGCGATGCTGAGT-1,0.030400254453221958
ATGCGATGGTTACG-1,0.031965841435723834
ATGCGCCTTCATTC-1,0.009391901833522651
ATGCTTTGCGAATC-1,0.11624417454004288
ATGCTTTGGGCGAA-1,0.006903992060364949
ATGCTTTGTAGTCG-1,0.004887223625296934
ATGGACACATCGGT-1,0.030897724804364972
ATGGACACGCATCA-1,0.011572256490277747
ATGGGTACAACCTG-1,0.0029274386696569207
ATGGGTACATCGGT-1,0.022093246665058866
ATGGGTACTATTCC-1,0.01695904601365328
ATGGGTACTGGGAG-1,0.012366951003463732
ATGTAAACACCTCC-1,0.016813215644409258
ATGTAAACCCGCTT-1,0.11298644459909862
ATGTAAACGGGATG-1,0.39680658446417916
ATGTAAACTCTCCG-1,0.803809920946757
ATGTAAACTTCACT-1,0.012688673722247282
ATGTACCTCAGTCA-1,0.0021407075643461817
ATGTACCTTAGTCG-1,0.013915825273013778
ATGTACCTTTATCC-1,0.001702298707742658
ATGTACCTTTCACT-1,0.15222481969330046
ATGTCACTAATGCC-1,0.031510706370075546
ATGTCACTCTGCTC-1,0.0067206183577784235
ATGTCGGAGGTGAG-1,0.16749361240201527
ATGTTCACAGTCTG-1,0.003219212405383587
ATGTTCACCGTAGT-1,0.037325126532879144
ATGTTGCTTTCAGG-1,0.006140594474143452
ATTAACGATGAGAA-1,0.01216464215475652
ATTAACGATGCAAC-1,0.029752428953846295
ATTAAGACTGCAGT-1,0.07182864906887214
ATTACCTGCCTTAT-1,0.014193480911975106
ATTACCTGGAGGAC-1,0.016159439355962806
ATTACCTGGGCATT-1,0.0025553271326417518
ATTAGATGTTTCAC-1,0.0016914416208035415
ATTATGGAATCTCT-1,0.030026638983852334
ATTCAAGAACGGGA-1,0.014922731400777897
ATTCAAGACCTTTA-1,0.020851426292210817
ATTCAGCTCATTGG-1,0.053873190759784646
ATTCCAACCATTGG-1,0.016316954874330096
ATTCCAACTTAGGC-1,0.18011615756485197
ATTCGACTCACTAG-1,0.029962140342427626
ATTCGACTGAATAG-1,0.005028745250052048
ATTCGACTTTTGTC-1,0.012689359382622771
ATTCGGGAAAGGCG-1,0.09918731989132033
ATTCGGGATTAGGC-1,0.09325158596038818
ATTCTTCTGATACC-1,0.006521903858002689
ATTGAATGGACGGA-1,0.010666044299594231
ATTGATGAAGGTTC-1,0.002531833817354507
ATTGATGACTGAGT-1,0.03029405139386654
ATTGATGAGCGAAG-1,0.013910302323185735
ATTGATGATCTATC-1,0.012629597292592129
ATTGCACTGACGGA-1,0.02017018830196725
ATTGCACTGAGAGC-1,0.04529575781068868
ATTGCACTGGAGCA-1,0.002548526671792691
ATTGCACTTAGCCA-1,0.005588125256407592
ATTGCACTTGCTTT-1,0.05603857307384411
ATTGCTTGTTACTC-1,0.0691227927390072
ATTGGTCTGACTAC-1,0.05063561122450563
ATTGGTCTTGTCTT-1,0.0014954092896207133
ATTGTAGATTCCCG-1,0.2609617229964998
ATTGTAGATTGCAG-1,0.035238988490568265
ATTGTCTGCGTACA-1,0.044315613185366
ATTTAGGAACCATG-1,0.14580868557095528
ATTTAGGACAGAGG-1,0.09508845623996523
ATTTCCGAGATGAA-1,0.015067031374201179
ATTTCCGAGTGCTA-1,0.037922996717194714
ATTTCGTGTATGGC-1,0.17345833364460203
ATTTCTCTACTTTC-1,0.0518409124472075
ATTTCTCTAGCAAA-1,0.04875782753030459
ATTTCTCTCACTTT-1,0.12389973468250698
ATTTCTCTTCCCAC-1,0.0015237901793120222
ATTTGCACAAGATG-1,0.003052474982622597
CAAAGCACAGCTCA-1,0.020963766663852666
CAAAGCACCGTAAC-1,0.018055559653374884
CAAAGCACGGTAAA-1,0.032320221265157066
CAAAGCTGAAAGTG-1,0.0037219421161959567
CAAAGCTGTTGCTT-1,0.007279047341499891
CAAATATGTGACAC-1,0.0051821398083120584
CAAATTGAGGGCAA-1,0.004451684401525806
CAAATTGATGGAGG-1,0.002043127544715794
CAACCAGAAAAGTG-1,0.004817703661198418
CAACCAGAAGTGCT-1,0.31529702411757576
CAACCAGAGTTCAG-1,0.16369898948404524
CAACCAGATAGAAG-1,0.0013740769338457743
CAACCGCTGTTCAG-1,0.008079163911235001
CAACCGCTTTGAGC-1,0.015978502264867227
CAACGATGCGCAAT-1,0.1558697438902325
CAACGTGACTCCAC-1,0.05336356659730276
CAACGTGAGCCATA-1,0.007762765046209097
CAACGTGATCAAGC-1,0.011611800123420026
CAAGAAGACCACAA-1,0.028788716532289982
CAAGAAGACGTCTC-1,0.15201514710982642
CAAGAAGATTCTAC-1,0.00792827417090949
CAAGACTGACCTGA-1,0.0028417137768378276
CAAGACTGAGTAGA-1,0.026601283241891198
CAAGCTGACCATAG-1,0.05173391388315293
CAAGCTGATCTATC-1,0.02394951693713665
CAAGGACTGTTCAG-1,0.3176635569996304
CAAGGACTTCTTTG-1,0.00806180442062517
CAAGGTTGCTCCAC-1,0.017909113835129473
CAAGGTTGTCATTC-1,0.0037363020884287027
CAAGGTTGTCTGGA-1,0.01200230186805129
CAAGTCGAAACAGA-1,0.011397314025089145
CAAGTCGATAGCGT-1,0.0023858638079319564
CAATAAACGCCATA-1,0.002330134600116354
CAATAATGAACTGC-1,0.005088044951359431
CAATATGACATGGT-1,0.05459301835960812
CAATATGACCTTCG-1,0.010523865232244134
CAATATGACGTTAG-1,0.0015338592250676204
CAATATGAGGAGCA-1,0.022696746047586203
CAATCGGAGAAACA-1,0.030858546081516478
CAATCTACTGACTG-1,0.20226644807391697
CAATTCACCCAACA-1,0.00634441902447078
CAATTCACGATAGA-1,0.027002666145563126
CAATTCACTTGTGG-1,0.0013166265448995142
CAATTCTGCTTGTT-1,0.05617630647288428
CAATTCTGGCGTAT-1,0.011695128839669956
CACAACGATACGAC-1,0.005468486045073304
CACAATCTTGTTCT-1,0.011877914916517006
CACAATCTTTCCAT-1,0.8196996880902184
CACACCTGCTTGAG-1,0.0037475684172629067
CACACCTGTATGGC-1,0.006680288908278776
CACAGAACCCTTGC-1,0.6742818819151984
CACAGAACCTGATG-1,0.12456338107585907
CACAGATGGGATTC-1,0.2961171716451645
CACAGATGGTTTCT-1,0.011975830524331994
CACAGCCTGATACC-1,0.12364406221442753
CACAGCCTTGCCAA-1,0.02370315200338761
CACAGCCTTGTAGC-1,0.06251501457558738
CACAGTGATGAAGA-1,0.01928934320393536
CACATACTACAGCT-1,0.011941691239674887
CACATGGAACACGT-1,0.0186345593796836
CACATGGAAGTCGT-1,0.0026435321940678274
CACCACTGCCAACA-1,0.0028616428737425143
CACCACTGGCGAAG-1,0.687408960527844
CACCCATGTTCTGT-1,0.0011547310358663606
CACCGGGAATCGAC-1,0.08399792884786923
CACCGGGACGAGAG-1,0.027346016839146614
CACCGGGACGTGTA-1,0.08143301639291975
CACCGGGACTTCTA-1,0.6236168278588189
CACCGGGACTTGCC-1,0.018102616847803194
CACCGGGATTCGGA-1,0.05052215378317568
CACCGTACTAAGGA-1,0.006038149366051787
CACCGTACTAGCGT-1,0.01002449050752653
CACCTGACACCCAA-1,0.08268438445197211
CACCTGACCAGAAA-1,0.0134863232055472
CACCTGACCTCAAG-1,0.05339075376590093
CACCTGACGAAAGT-1,0.005913643121150219
CACCTGACTCGTAG-1,0.013230923847812746
CACGAAACTTCCGC-1,0.013339122576225135
CACGACCTCGATAC-1,0.005556419191028302
CACGCTACAGAAGT-1,0.0035586433368735015
CACGCTACTGTTCT-1,0.007369945873506367
CACGCTACTTGACG-1,0.0015447045896305805
CACGGGACAGAGTA-1,0.030815570408271417
CACGGGACATAAGG-1,0.0035331532643694016
CACGGGACGTAGGG-1,0.04840557629035579
CACGGGTGCTTCGC-1,0.011028258362784982
CACGGGTGGAGGAC-1,0.12137508971823587
CACGGGTGTGTTTC-1,0.0016131564835733217
CACTAACTCCTAAG-1,0.0032816016626182115
CACTAACTGAAAGT-1,0.003230466458868856
CACTAGGATGATGC-1,0.0033117518016499365
CACTATACCCCGTT-1,0.03340987923244635
CACTATACGTTTGG-1,0.013204594246215291
CACTGAGACAGTCA-1,0.0016988928416847354
CACTGCACTTCATC-1,0.019377524162539177
CACTGCTGAGACTC-1,0.03697690605703327
CACTGCTGGAAAGT-1,0.07386875256068176
CACTTAACCGAATC-1,0.016583076833436888
CACTTAACCGTACA-1,0.01023066265689623
CACTTTGACTCTAT-1,0.00809072036968751
CACTTTGAGCTGTA-1,0.006318642330976824
CAGAAGCTCTCAAG-1,0.0017694745442390235
CAGACATGAACGGG-1,0.004355112498160452
CAGACATGTCGACA-1,0.04256197277249561
CAGACCCTAAGGTA-1,0.06529114126331276
CAGACCCTAATGCC-1,0.09682010900643137
CAGACCCTAGGAGC-1,0.0401325538340542
CAGACTGAGTATGC-1,0.009316762236671315
CAGATCGAATGTCG-1,0.004405695873881794
CAGATCGACCTGAA-1,0.0020010231593106356
CAGATCGATATGGC-1,0.02219369826424453
CAGATGACATTCTC-1,0.01867668568674061
CAGCAATGCCTTCG-1,0.013966387060160438
CAGCAATGGAGGGT-1,0.1010531663066811
CAGCAATGGTGCTA-1,0.011678591836243868
CAGCAATGTCTACT-1,0.012831066942049397
CAGCAATGTGACCA-1,0.009701805215121971
CAGCAATGTGAGGG-1,0.0019115077399571116
CAGCACCTAAGCCT-1,0.004076941973633236
CAGCACCTAGGCGA-1,0.002654516455044763
CAGCACCTGTAGGG-1,0.08424338822563489
CAGCATGACAACCA-1,0.04771406120724148
CAGCATGAGACGTT-1,0.09885566847191916
CAGCCTACCCAACA-1,0.009279281107915772
CAGCCTTGCTACCC-1,0.002837301956282722
CAGCCTTGGGGACA-1,0.027874825418823294
CAGCGGACACCCTC-1,0.006517459159820444
CAGCGGACCTTTAC-1,0.07815331096450488
CAGCGTCTAAAGCA-1,0.06072603393759993
CAGCGTCTTATCGG-1,0.02145194138089816
CAGCTAGATGTGAC-1,0.004143185751874828
CAGCTCTGAGGCGA-1,0.007657361747179594
CAGCTCTGCAAGCT-1,0.007830621584111618
CAGCTCTGTCGTAG-1,0.07131845069428285
CAGCTCTGTGTGGT-1,0.014434055735667547
CAGGAACTAACTGC-1,0.11324163774649303
CAGGAACTCTCAGA-1,0.0028659627035570643
CAGGCCGAACACCA-1,0.02078778063878417
CAGGCCGAACACGT-1,0.11290204773346584
CAGGCCGAACGACT-1,0.00696190422685403
CAGGCCGAATCTCT-1,0.025559007914529905
CAGGCCGACTAGCA-1,0.034511806132892765
CAGGGCACCATACG-1,0.0023199212446343154
CAGGGCACCCAACA-1,0.007229865722668667
CAGGGCACTCCCGT-1,0.014116703907752203
CAGGTAACAGACTC-1,0.018267496695948973
CAGGTATGAGTCGT-1,0.004380651296944254
CAGGTATGTGCTTT-1,0.08063671282596058
CAGGTTGAGGATCT-1,0.6760893132951524
CAGTGATGGACGGA-1,0.0016269192516726132
CAGTGATGGCTAAC-1,0.03413380687642428
CAGTGATGGGACAG-1,0.29415387246343827
CAGTGATGTAAGGA-1,0.01401467559238275
CAGTGATGTACGCA-1,0.0007657375641024879
CAGTGTGAACACGT-1,0.0015411266714282748
CAGTGTGATGTCAG-1,0.0014073956780420202
CAGTTACTAAGGTA-1,0.026277417317032814
CAGTTACTGATAGA-1,0.014605409776171049
CAGTTGGAAAGAGT-1,0.035706500315831766
CAGTTGGACATACG-1,0.011228876886889338
CAGTTTACACACGT-1,0.9809788266817728
CAGTTTACCCCAAA-1,0.0021286505685162004
CATAAAACGGAGCA-1,0.004605789183794211
CATAAATGAACTGC-1,0.0034084655926562846
CATAACCTTCTCCG-1,0.060270140775375895
CATACTACCTCGAA-1,0.00115498971071146
CATACTACCTGAAC-1,0.002575156699296915
CATACTACGTACCA-1,0.006337976626430948
CATACTTGGGTTAC-1,0.9811223149299622
CATAGTCTAATCGC-1,0.0272434934352835
CATAGTCTCACTTT-1,0.13231312897470263
CATATAGACTAAGC-1,0.08152376487851143
CATATAGATCAGGT-1,0.0038256629874619343
CATCAACTAGAAGT-1,0.08342686999175283
CATCAACTCCCTCA-1,0.044446851023369364
CATCAGGACTTCCG-1,0.009804010501183156
CATCAGGATAGCCA-1,0.0025809597928956565
CATCAGGATCCTAT-1,0.057938431234409414
CATCAGGATGCACA-1,0.16890073981550005
CATCAGGATTTCGT-1,0.003593682518435849
CATCATACCGCATA-1,0.014936483413394954
CATCATACGGAGCA-1,0.002295014707164632
CATCATACTCAAGC-1,0.0069559266557917
CATCGCTGGGATCT-1,0.039223869434661336
CATCGCTGTGGCAT-1,0.0033247383253183216
CATCGGCTATGCTG-1,0.011989022398160564
CATCGGCTTTGGCA-1,0.014207670284021232
CATCTCCTATGTGC-1,0.005553372450069421
CATCTCCTCGAACT-1,0.014682149980217218
CATGAGACACGGGA-1,0.0017881129008148694
CATGAGACGTTGAC-1,0.014610317225257555
CATGAGACTCGCCT-1,0.0037562481075939205
CATGCCACGGGTGA-1,0.02192752083970441
CATGCCACTGCCAA-1,0.0741776420424382
CATGCGCTAGTCAC-1,0.08199171649499072
CATGCGCTCAGATC-1,0.006343742897216644
CATGCGCTTTGCAG-1,0.0585141076395909
CATGGCCTAGGGTG-1,0.0018970045493915677
CATGGCCTGTGCAT-1,0.004327172122430056
CATGTACTATCGTG-1,0.010078341130995087
CATGTTACAGTCGT-1,0.06827362833751573
CATGTTACCTGAGT-1,0.05018946942355898
CATGTTTGGGGATG-1,0.006585221414247321
CATTACACACGGAG-1,0.0028001497105126167
CATTACACCAACTG-1,0.01346313209958478
CATTACACGGAGTG-1,0.050003523007035255
CATTACACTACTCT-1,0.003516475233482197
CATTAGCTCCACAA-1,0.05986816167003579
CATTGACTAGCGGA-1,0.0033728840127069917
CATTGGGACTCGAA-1,0.013074011671253376
CATTGTACAGCGTT-1,0.01148272168615626
CATTGTACTCGATG-1,0.004794323687545127
CATTGTACTTATCC-1,0.006110800727684464
CATTGTACTTTGCT-1,0.16176355961296293
CATTGTTGCTAGTG-1,0.002551577218885844
CATTTCGACTCTAT-1,0.190393113427692
CATTTCGAGATACC-1,0.02248072056358473
CATTTGACCACACA-1,0.01013505184609029
CATTTGACCCTGAA-1,0.025569745029012363
CATTTGTGACGACT-1,0.011628966571556197
CATTTGTGCATTGG-1,0.0033033314426170867
CATTTGTGCGGAGA-1,0.004246482729083962
CATTTGTGGGATCT-1,0.022052185247755714
CCAAAGTGCTACGA-1,0.05574981661306487
CCAAAGTGTGAGAA-1,0.004800681969047421
CCAACCTGAAGTAG-1,0.03478441677159733
CCAACCTGACGTAC-1,0.003688401355045951
CCAACCTGTTCGCC-1,0.9215240677197775
CCAAGAACCCAATG-1,0.009117550333030522
CCAAGAACGTAGCT-1,0.14361446102460226
CCAAGAACGTGTCA-1,0.013743067858740687
CCAAGAACTACTGG-1,0.015064531057659123
CCAAGAACTCCTAT-1,0.0031033282737351125
CCAAGATGTCATTC-1,0.0024756931169475946
CCAAGATGTTTCAC-1,0.033275363656381764
CCAAGTGAGGAACG-1,0.01953172528495391
CCAAGTGATCAAGC-1,0.09674458536836836
CCAATGGAACAGCT-1,0.0016699641968847977
CCAATTTGAACGTC-1,0.012096207356080413
CCACCATGAACGTC-1,0.003893657697416428
CCACCATGATCGGT-1,0.005643629882898595
CCACCATGGACGAG-1,0.18423760227031177
CCACCATGGGGAGT-1,0.00412499887493646
CCACCATGTCCTGC-1,0.044477108865976334
CCACTGACCCGCTT-1,0.002097619775061806
CCACTGTGGGAAGC-1,0.0009080957711881234
CCACTGTGTGTAGC-1,0.021978188047392502
CCACTTCTCGGGAA-1,0.06711554216841857
CCAGAAACCCTGTC-1,0.0010340767023282954
CCAGAAACGAACTC-1,0.01607569255348709
CCAGAAACGGTCTA-1,0.018102317893256743
CCAGACCTCTGAGT-1,0.010275303127451075
CCAGACCTTGTGGT-1,0.004762591134446363
CCAGCACTGCGATT-1,0.09028209994236629
CCAGCGGAAAGGCG-1,0.005183158203079883
CCAGCGGACGACTA-1,0.009682989679276943
CCAGCGGATGGGAG-1,0.09197887943850623
CCAGCTACACAGTC-1,0.0039999701710055685
CCAGCTACCAGCTA-1,0.003083471359180597
CCAGGTCTACACCA-1,0.007966768009484641
CCAGGTCTAGCATC-1,0.004021344227819807
CCAGGTCTATGGTC-1,0.1185225463575787
CCAGTCACACTGGT-1,0.026063150105377037
CCAGTCACACTGTG-1,0.002744774605768422
CCAGTCACGTTGTG-1,0.023449487777219877
CCAGTCTGCGGAGA-1,0.6838040616777208
CCAGTGCTAACCAC-1,0.4047812951935662
CCAGTGCTCGTAGT-1,0.005690535090656744
CCATCCGAAAGCAA-1,0.028732671091953915
CCATCCGAACGACT-1,0.0021312438701796862
CCATCCGAAGGTTC-1,0.00652569913977964
CCATCCGATTCGCC-1,0.0020159420964773744
CCATCGTGAACGGG-1,0.05356853413912985
CCATCGTGCTAGAC-1,0.02569745059332086
CCCAACACCTCGCT-1,0.013412127995656596
CCCAACACGCATCA-1,0.001779672709138443
CCCAACACTTTGTC-1,0.04804669527543916
CCCAACTGCAATCG-1,0.00174919158356109
CCCAGACTGCCTTC-1,0.3323053932852215
CCCAGACTGGTTTG-1,0.028617902141478326
CCCAGACTTTCGCC-1,0.08068338843683402
CCCAGTTGCAGTTG-1,0.08854786575668389
CCCAGTTGGGTACT-1,0.021852929403798446
CCCAGTTGTCTATC-1,0.0043456907474642825
CCCGATTGTGTTTC-1,0.1883692650331391
CCCGGAGAAGGGTG-1,0.0015743163918765883
CCCTACGAATTGGC-1,0.00250261487154704
CCCTAGTGCAAAGA-1,0.032106682606455356
CCCTCAGACACTTT-1,0.008893659894561602
CCCTCAGACGAGAG-1,0.12701702035135692
CCCTCAGAGGTCAT-1,0.0018773249483072301
CCCTGAACTAAAGG-1,0.0030948836356401443
CCCTGATGCAACCA-1,0.014769196717275513
CCCTGATGCAAGCT-1,0.012682099128142
CCCTTACTAACCAC-1,0.05227368180122641
CCCTTACTGCAGTT-1,0.0016819755740774174
CCGAAAACCTTGTT-1,0.3148621469736099
CCGACACTGGTTTG-1,0.1088437322113249
CCGACTACCCAGTA-1,0.08901101888881789
CCGACTACCGTGTA-1,0.0017993588666690306
CCGACTACTGAGGG-1,0.24301711387104458
CCGATAGACCTAAG-1,0.0019937262954449076
CCGATAGAGTTGGT-1,0.04582302468932337
CCGCGAGACACACA-1,0.005820679853463339
CCGCGAGAGGTTCA-1,0.009297559684556391
CCGCTATGGGACGA-1,0.006935981865454879
CCGCTATGTGCAAC-1,0.015088201190034548
CCGCTATGTGCACA-1,0.00785273096213738
CCGGTACTGTCCTC-1,0.021766622964706685
CCGTACACAAGCAA-1,0.004746473006283243
CCGTACACAGCGTT-1,0.01595432921830151
CCGTACACGTCATG-1,0.010624725798455378
CCGTACACGTTGGT-1,0.04901587569879161
CCGTACACTAACGC-1,0.015292198293738894
CCTAAACTTTCGTT-1,0.003043987455182812
CCTAAGGACCCAAA-1,0.0022998066722518867
CCTAAGGACTAGCA-1,0.002165707905078307
CCTAAGGAGGGCAA-1,0.003883374091755185
CCTAAGGATGATGC-1,0.015478125618149837
CCTAAGGATGTCAG-1,0.00939847601370679
CCTACCGACTCTTA-1,0.004496332633102106
CCTACCGAGGGATG-1,0.05164799073504077
CCTAGAGAGGTGAG-1,0.005259659438807931
CCTATAACCAAAGA-1,0.0028799016242070743
CCTATAACGAGACG-1,0.004625314950115151
CCTATAACTCAGAC-1,0.01098617805271513
CCTATAACTGCATG-1,0.016727967821579013
CCTCGAACACTTTC-1,0.008334389939490292
CCTCGAACCCGTAA-1,0.01674968863113059
CCTCGAACGTATCG-1,0.011886703290252222
CCTCGAACTTACTC-1,0.0611055302951071
CCTCTACTCTTCGC-1,0.4681001471148597
CCTCTACTGGCATT-1,0.0021460111375846383
CCTGACTGAAGTAG-1,0.03751750828491317
CCTGACTGGGGAGT-1,0.006022081102451516
CCTGACTGTGTCTT-1,0.00934726485542746
CCTGCAACACGTTG-1,0.07053136370248264
CCTGGACTCGTGAT-1,0.008928351052519348
CCTTAATGCCCAAA-1,0.007328430462318162
CCTTAATGTTCTAC-1,0.20876544796758228
CCTTCACTACGACT-1,0.0047641584403916365
CCTTCACTCAGTCA-1,0.013898784230049286
CCTTCACTGGAGTG-1,0.0010702038562158123
CCTTTAGATTCATC-1,0.09581956681278017
CGAACATGCCCTAC-1,0.04443636381377777
CGAACATGTCAGAC-1,0.032685546152707606
CGAAGACTGGAACG-1,0.06015279620058007
CGAAGACTGTTACG-1,0.019547916586614318
CGAAGGGAAACCTG-1,0.034717466164794236
CGAAGGGATCCGAA-1,0.02003694900001089
CGAAGTACCAACTG-1,0.00529035237721271
CGAATCGAGGAGCA-1,0.0017605192390167052
CGAATCGAGGAGGT-1,0.05674140031139056
CGACAAACCCATAG-1,0.0070449033519253135
CGACAAACCGACAT-1,0.0729055508143372
CGACCACTAAAGTG-1,0.0075262381772821145
CGACCACTGCCAAT-1,0.012449184051042216
CGACCGGAAGGTCT-1,0.006585257153751122
CGACCGGATGGAAA-1,0.2055647157960468
CGACCTTGCTAGTG-1,0.008158197070264982
CGACCTTGGCAAGG-1,0.002579309641280108
CGACGTCTATCGTG-1,0.020357922081732087
CGACGTCTCGTGTA-1,0.007838062657457259
CGACGTCTGAGGCA-1,0.002540310611948371
CGACTCACGTCGTA-1,0.04260480941997634
CGACTCACGTTGCA-1,0.0017997283494979558
CGACTCTGTGTGAC-1,0.046707582763499685
CGACTGCTTCCTCG-1,0.005810484716979166
CGAGAACTAAGGCG-1,0.011181521125965647
CGAGAACTACGTTG-1,0.003655629795199881
CGAGAACTTGTTCT-1,0.008407069641786316
CGAGATTGGACACT-1,0.00676915758392877
CGAGATTGGCCATA-1,0.0019900704856910226
CGAGCCGAACACCA-1,0.03201348572555515
CGAGCCGACGACAT-1,0.005910987551841471
CGAGCCGAGGCGAA-1,0.014394661722083887
CGAGCGTGCTCCAC-1,0.7235924005508423
CGAGCGTGGATACC-1,0.1849104795191023
CGAGCGTGTATGCG-1,0.002935867982968274
CGAGGAGACCTCCA-1,0.0046872962104518795
CGAGGAGATGTCGA-1,0.0017050481579240619
CGAGGCACCTATGG-1,0.013004419600798024
CGAGGCACTATGCG-1,0.15827235496706432
CGAGGCACTCTTCA-1,0.041288790189557605
CGAGGCTGACGCTA-1,0.003067218721197504
CGAGGCTGGCAGTT-1,0.011337958832478357
CGAGGGCTACGACT-1,0.002998836678064739
CGAGGGCTCGAATC-1,0.002181056573236775
CGAGTATGTCACCC-1,0.025237111219515402
CGATACGAACAGTC-1,0.022802236955612898
CGATACGACAGGAG-1,0.6911090877321031
CGATACGATTCACT-1,0.005271502641133136
CGATAGACCCGTAA-1,0.0033116222669680915
CGATAGACCGTACA-1,0.006557197103069888
CGATAGACGTAGGG-1,0.007701314869336784
CGATAGACTGTTCT-1,0.004608352888479001
CGATCAGAAGAACA-1,0.3093894686963823
CGATCAGAGAGGGT-1,0.025408670927087467
CGATCAGAGGTACT-1,0.8758087489340041
CGATCAGATGTGAC-1,0.735518667432997
CGATCCACCGGGAA-1,0.3138798144128587
CGATCCACTTCCAT-1,0.000623604137217626
CGCAAATGCTCGAA-1,0.0013030290170313998
CGCAACCTCCTTGC-1,0.02957305974430508
CGCAACCTGGACGA-1,0.008636433217260573
CGCACGGAGGACGA-1,0.004206758952932432
CGCACGGATCTTTG-1,0.0018699767663040096
CGCACTACAGAATG-1,0.003678513477401187
CGCACTACAGCCAT-1,0.15047702276044422
CGCACTACATTGGC-1,0.024434053235583834
CGCACTACTCGCCT-1,0.003147242529343607
CGCACTACTCGTGA-1,0.13422424677345487
CGCACTTGTCACGA-1,0.013332306873053312
CGCAGGACAGATCC-1,0.2445774343278673
CGCAGGACCTACTT-1,0.0020468042930588126
CGCAGGACTTGTCT-1,0.1712294469277064
CGCAGGTGCACTGA-1,0.028698842351635296
CGCAGGTGCCATAG-1,0.26963429649670917
CGCAGGTGGGAACG-1,0.05110561640726195
CGCATAGATCACGA-1,0.001057605808859484
CGCCATACTGCAAC-1,0.5809226897027757
CGCCATTGAGAGGC-1,0.04650342857672109
CGCCATTGCTATGG-1,0.006803108081738982
CGCCATTGGAGACG-1,0.01457832877834638
CGCCATTGGAGCAG-1,0.029951205011457205
CGCCATTGTACTGG-1,0.012516961885719664
CGCCGAGAGCTTAG-1,0.023092111210442252
CGCCTAACGAATGA-1,0.2906659212377336
CGCCTAACTGCTCC-1,0.07349116520749198
CGCGAGACACAGCT-1,0.08050927478406164
CGCGAGACAGGTCT-1,0.044097542555795774
CGCGAGACGCTACA-1,0.019564482435170148
CGCGATCTCAGTCA-1,0.00954378528210024
CGCGATCTGTTGAC-1,0.0028573396201762888
CGCGATCTTTCTTG-1,0.022718087977005377
CGCGGATGGCCAAT-1,0.045923934421605535
CGCTAAGAATGTCG-1,0.03262229532831245
CGCTAAGACAACTG-1,0.007136069186445739
CGCTAAGACCCTTG-1,0.024205381154186197
CGCTACTGAACAGA-1,0.1462349370121956
CGCTACTGAGAACA-1,0.013756980446891652
CGCTACTGTGAGCT-1,0.002057332571388947
CGCTACTGTTCCCG-1,0.0068629572116252445
CGCTCATGCATTTC-1,0.0030202048753077784
CGGAATTGCACTAG-1,0.0013462346606603307
CGGAATTGGTTTGG-1,0.02338080020207498
CGGAATTGTGGAGG-1,0.009386418387293816
CGGACCGATGCGTA-1,0.00812809971264667
CGGACCGATGGGAG-1,0.0012119616472369267
CGGACTCTAAACAG-1,0.0033334213884599092
CGGACTCTCCAATG-1,0.004150495153023965
CGGACTCTCCTCGT-1,0.013914758132563697
CGGAGGCTATTCCT-1,0.004352692825098832
CGGAGGCTTGGATC-1,0.0061803147481340505
CGGATAACAACGAA-1,0.015582914076124629
CGGATAACAGCTCA-1,0.0168045434790353
CGGATAACTCAGTG-1,0.0008993402669956493
CGGCACGAACTCAG-1,0.21729621787865958
CGGCACGAAGGGTG-1,0.01994856260716915
CGGCACGACTACGA-1,0.02550357648740626
CGGCATCTTAGAAG-1,0.013676335595341193
CGGCATCTTCGTAG-1,0.017723391039503947
CGGCCAGAAAGGTA-1,0.010381822241470218
CGGCCAGAGAGGCA-1,0.016046208795160055
CGGCGAACCAGTCA-1,0.15301412261194652
CGGCGAACGACAAA-1,0.008836666969323738
CGGCGAACGGTCTA-1,0.054820376758774124
CGGCGAACTACTTC-1,0.006705916939406759
CGGGACTGCGTGTA-1,0.13744895822472042
CGGGACTGGAATAG-1,0.06679723701543278
CGGGCATGACCCAA-1,0.0022949735931534735
CGGGCATGTCTCTA-1,0.8610649175114102
CGGGCATGTTGTGG-1,0.00313040281050942
CGGTAAACTCGCAA-1,0.2893248763349321
CGGTCACTGTTTGG-1,0.021042269939142797
CGGTCACTTACTTC-1,0.5828765034675598
CGTAACGAATCAGC-1,0.002330569165577698
CGTAACGATCGCCT-1,0.214921106894811
CGTACCACACACAC-1,0.011740911519154906
CGTACCACACGTTG-1,0.0017035033864279587
CGTACCACCTCATT-1,0.00423114554076973
CGTACCACGCTACA-1,0.0021635511269172034
CGTACCACGGAGCA-1,0.007752920552674267
CGTACCTGGACGAG-1,0.005169221038360977
CGTACCTGGCATCA-1,0.31896362867620254
CGTAGCCTCTCTCG-1,0.004343821479576743
CGTAGCCTGCGAAG-1,0.02902903625120719
CGTAGCCTGTATGC-1,0.09874789747926924
CGTCAAGAAAGGTA-1,0.0029910645939202774
CGTCAAGAACGTGT-1,0.08355481343136893
CGTCAAGACAGAGG-1,0.1600003946158621
CGTCAAGACAGGAG-1,0.21916798750559488
CGTCCATGCTCTTA-1,0.14425727476676306
CGTCGACTTTCCGC-1,0.03920586179527971
CGTGATGACGCTAA-1,0.0017800464055552664
CGTGATGAGGTTCA-1,0.053122878799008
CGTGCACTTATGGC-1,0.027321158287425835
CGTGTAGAAAAACG-1,0.0304649013818966
CGTGTAGACGATAC-1,0.0951704949968391
CGTGTAGAGTTACG-1,0.046531552655829325
CGTGTAGAGTTCAG-1,0.0019981179179416764
CGTGTAGATTCGGA-1,0.009069024016045861
CGTTAGGAAACCAC-1,0.014437018479737971
CGTTAGGATCATTC-1,0.06807831550637881
CGTTATACCCTGAA-1,0.008746136704252826
CGTTTAACTGGTCA-1,0.036551766097545624
CTAAACCTCTGACA-1,0.013741025811113004
CTAAACCTGTGCAT-1,0.011136548386679756
CTAACACTAACGTC-1,0.07963718556695515
CTAACACTAGTGCT-1,0.03222349161903063
CTAACGGAACCGAT-1,0.019867911637346778
CTAACGGATTTCTG-1,0.0066038690145230955
CTAACTACGGCAAG-1,0.004275694088492956
CTAAGGACACCATG-1,0.004706336954970741
CTAAGGACCGTTAG-1,0.6851293477747176
CTAAGGACGCCATA-1,0.01571226608939469
CTAAGGTGCCTAAG-1,0.0021577260857965383
CTAAGGTGTTGCAG-1,0.04057604478051265
CTAAGGTGTTTCTG-1,0.001313234858874542
CTAATAGAGCTATG-1,0.0004601980156924886
CTAATGCTTGTGGT-1,0.0062376062722048825
CTACAACTCCCGTT-1,0.01017569323691229
CTACCTCTCAACCA-1,0.04589578778379493
CTACGCACACCTAG-1,0.02699061307228274
CTACGCACTCTCCG-1,0.040411103413336806
CTACGCACTGGTCA-1,0.11375223928027683
CTACGGCTTTCTTG-1,0.18790582733021843
CTACTATGAACCAC-1,0.09528585399190585
CTACTATGATGTGC-1,0.0037007402214739057
CTACTATGCTAAGC-1,0.031863142632775836
CTACTATGTAAAGG-1,0.0022399231481055417
CTACTCCTATGTCG-1,0.010129934733009173
CTACTCCTGCCATA-1,0.0015678595098304665
CTAGAGACACTTTC-1,0.047950037444631256
CTAGAGACAGCATC-1,0.020331100871165592
CTAGAGACTTTGGG-1,0.4430253307024638
CTAGATCTCTCTAT-1,0.004187126631020672
CTAGATCTTCGACA-1,0.07764196313089794
CTAGGATGAGCCTA-1,0.8867023057407803
CTAGGATGATCGTG-1,0.05677682678732607
CTAGGCCTCTCAGA-1,0.010162428370676935
CTAGGTGATGGTTG-1,0.013717368322735032
CTAGTTACCAGAGG-1,0.04048787750717667
CTAGTTACCGCATA-1,0.010933515175970064
CTAGTTACGAAACA-1,0.011621029756497592
CTAGTTTGAGTACC-1,0.007862917794328596
CTATAAGATCGTTT-1,0.019843271053913567
CTATACTGAGGTTC-1,0.0007535959165478642
CTATACTGCCAGTA-1,0.00998652258163525
CTATACTGCGCTAA-1,0.003056971818700226
CTATACTGCTACGA-1,0.014508732012473047
CTATACTGTCTCAT-1,0.00980105611961335
CTATACTGTTCGTT-1,0.5547834634780884
CTATAGCTGTCACA-1,0.0033179233562097782
CTATAGCTTCGCTC-1,0.021088543968896072
CTATAGCTTGCCTC-1,0.006665603878597419
CTATCAACGAACTC-1,0.12785391592317158
CTATCAACGCAGAG-1,0.207983813352055
CTATCAACTTTGGG-1,0.00878256008339425
CTATCCCTCCACCT-1,0.003350644728117105
CTATGTACGAGAGC-1,0.017414679440359276
CTATGTACGCTTAG-1,0.007794102615055938
CTATGTACTGTTTC-1,0.9553481141726176
CTATGTTGAAAGCA-1,0.051972160322798625
CTATGTTGTCCTCG-1,0.001146354491841824
CTATGTTGTCTCGC-1,0.07639525996314155
CTATTGACAAACGA-1,0.0027639765499366652
CTATTGACACTGGT-1,0.04955426624251737
CTATTGACGGTGAG-1,0.029182837448186345
CTATTGTGGCAAGG-1,0.0053685032374535995
CTCAATTGGTTCAG-1,0.22939755684799618
CTCAATTGGTTGCA-1,0.006927933543920517
CTCAGAGATAGAAG-1,0.017577361832890246
CTCAGCACTCTAGG-1,0.19333650834030575
CTCAGCACTGAACC-1,0.0028046798995799488
CTCAGCACTTGCAG-1,0.00241122483728557
CTCAGCTGAACCTG-1,0.8164487149980333
CTCAGCTGCAGTTG-1,0.1260442758599917
CTCAGCTGTTTCTG-1,0.008764267821485797
CTCAGGCTCGTTGA-1,0.0803502154433065
CTCAGGCTGCTAAC-1,0.001942257125241061
CTCATTGACCTTAT-1,0.6189538770251803
CTCATTGATGCTTT-1,0.06291445675823423
CTCATTGATTGCTT-1,0.0021832766748654344
CTCCACGAGAGATA-1,0.48060958584149677
CTCCATCTCTTAGG-1,0.016160339427491028
CTCCATCTGACGAG-1,0.02935859788623121
CTCCGAACAAGTGA-1,0.02189864910259429
CTCCTACTGCCTTC-1,0.002862928118298037
CTCGAAGATGTGGT-1,0.1145748280816608
CTCGAAGATTAGGC-1,0.0058438037522137165
CTCGACTGCTCTAT-1,0.005919475865084678
CTCGACTGGGTGAG-1,0.0024961643600060293
CTCGACTGGTTGAC-1,0.007633973262272775
CTCGAGCTCTGGAT-1,0.001834909299052217
CTCGCATGACTTTC-1,0.044225401141577296
CTCGCATGCTTAGG-1,0.01795718389459782
CTCTAAACCTCGAA-1,0.004962812979809112
CTCTAAACGGCGAA-1,0.000977849458447761
CTCTAATGTCCAAG-1,0.03623261913243267
CTGAACGACAGTCA-1,0.06750251973668735
CTGAACGATGAGGG-1,0.019973052743201453
CTGAAGACCCAACA-1,0.018176575993291207
CTGAAGACGTGCAT-1,0.0313618798326287
CTGAAGTGAAGCCT-1,0.14942231360408995
CTGAAGTGCAGCTA-1,0.0029920637542899284
CTGAAGTGGCTATG-1,0.0017200434344380887
CTGAAGTGTCCAGA-1,0.07872604330380757
CTGAATCTGAATAG-1,0.03616506112222043
CTGACAGAATCGTG-1,0.04839417959252993
CTGACCACAGCAAA-1,0.008942711568023596
CTGAGAACCGGGAA-1,0.465014742480384
CTGAGAACGTAAAG-1,0.005819328116356499
CTGATACTAGTAGA-1,0.0042337936012902195
CTGATTTGGTGTTG-1,0.0068135450645867325
CTGCAGCTAACCGT-1,0.004353353559660415
CTGCAGCTGACACT-1,0.007306813546973798
CTGCAGCTGGATTC-1,0.055508577471805945
CTGCAGCTTGGCAT-1,0.7759107351303101
CTGCCAACAGGAGC-1,0.2854919963412815
CTGCCAACCAGCTA-1,0.015161513920045562
CTGCCAACTAACCG-1,0.03015277177716295
CTGCCAACTGCTCC-1,0.08559511684709126
CTGCCAACTTGCAG-1,0.00603585469070822
CTGCCAACTTGCTT-1,0.16254361387756136
CTGCGACTCCACCT-1,0.0018803245168075794
CTGGAAACAAACGA-1,0.01409436909792324
CTGGAAACATCGAC-1,0.008433266361761425
CTGGATGACTGGAT-1,0.09539235879977544
CTGGATGACTTGTT-1,0.024553867651977472
CTGGATGATGTGAC-1,0.002179273106675181
CTGGCACTCAAGCT-1,0.005044150483121889
CTGGCACTGGACAG-1,0.0037250242829840216
CTGTAACTAACCAC-1,0.22486401266521877
CTGTAACTAGCGTT-1,0.025152471226950485
CTGTATACGTAAAG-1,0.0015091270033735782
CTGTATACGTACGT-1,0.04841578399969472
CTGTATACGTTGGT-1,0.008820342119886644
CTGTGAGACAACCA-1,0.03874949681469136
CTGTGAGACCTTGC-1,0.026402446751793224
CTGTGAGACGAACT-1,0.00810859190662288
CTGTGAGACTGTAG-1,0.025694844416446157
CTTAAAGAACCTGA-1,0.002796515686592708
CTTAACACCTGTAG-1,0.11566649211777581
CTTAACACGAGCTT-1,0.43087547686364913
CTTAACACTATCGG-1,0.0050026902463287115
CTTAAGCTACCTAG-1,0.010863974975008104
CTTAAGCTAGTACC-1,0.0016528873190206166
CTTAAGCTCATCAG-1,0.002623943372681323
CTTAAGCTCCGCTT-1,0.021935186504075926
CTTAAGCTTCCTCG-1,0.016254310961812735
CTTACAACTAACGC-1,0.009609042511632046
CTTACAACTCCCGT-1,0.002379273788796531
CTTACTGACGTACA-1,0.0028022922277967962
CTTAGACTAAACGA-1,0.0424722678338488
CTTAGGGACTTGCC-1,0.1094643014172713
CTTAGGGAGAATCC-1,0.0011522203179386754
CTTATCGACTCATT-1,0.010921070610897409
CTTCACCTACCTGA-1,0.27217141621642643
CTTCATGAAGCATC-1,0.005968194868829515
CTTCATGAAGTACC-1,0.0009465834882576019
CTTCATGACCGAAT-1,0.001837721456670099
CTTGAACTACGCAT-1,0.0030268917455234462
CTTGATTGAGGTTC-1,0.03199274910406934
CTTGATTGATCTTC-1,0.003112623403366241
CTTGATTGCATTCT-1,0.0178577014659014
CTTGATTGTTTCGT-1,0.07121269901593526
CTTGTATGACACCA-1,0.004410930407983769
CTTGTATGCGCAAT-1,0.0015871014087072883
CTTTACGAGCGAAG-1,0.0024891237553674728
CTTTAGACCGTGAT-1,0.001008571220962848
CTTTAGACGAGACG-1,0.007807822277148564
CTTTAGACGATACC-1,0.028763960529532697
CTTTAGACGTTGGT-1,0.3362836539745331
CTTTAGACTCATTC-1,0.023233445050815742
CTTTAGTGACGGGA-1,0.03148177149705589
CTTTAGTGGGTGGA-1,0.0017593249617170335
CTTTCAGAGAAACA-1,0.11399227008223534
CTTTGATGAGCACT-1,0.026162904790706105
CTTTGATGTCTAGG-1,0.11183655675914553
CTTTGATGTGTCCC-1,0.09777423159943686
CTTTGATGTGTGGT-1,0.011747646533573667
GAAACAGAACTACG-1,0.006176854755418996
GAAACAGAATCACG-1,0.01802664053522878
GAAACAGACATTCT-1,0.008329728269018233
GAAACCTGATCGTG-1,0.004065703697657834
GAAACCTGATGCCA-1,0.034331749814252056
GAAACCTGCTTATC-1,0.31629852453867596
GAAACCTGGACTAC-1,0.06988727477275664
GAAACCTGTGCTAG-1,0.02128885264715387
GAAAGATGATTTCC-1,0.029439414851367474
GAAAGATGCTGATG-1,0.013743707832569877
GAAAGATGCTTCGC-1,0.005239265324133966
GAAAGATGTAAGGA-1,0.0013052100758715016
GAAAGATGTTTGCT-1,0.0036480788063878813
GAAAGCCTACGTTG-1,0.008668192714038823
GAAAGTGAAAGTGA-1,0.5807226565149095
GAAAGTGACCACAA-1,0.041521139132479824
GAAAGTGACTCAAG-1,0.31656628515985274
GAAATACTACCAAC-1,0.0012351035693427548
GAAATACTCTTAGG-1,0.01064570235191948
GAAATACTTCCTCG-1,0.055779597256332636
GAACACACGTGCAT-1,0.02265599018169774
GAACACACTGCCTC-1,0.004849740336390419
GAACAGCTAACTGC-1,0.2054018270638254
GAACAGCTCTCAGA-1,0.03740802821185854
GAACCAACCACAAC-1,0.0015187821199005055
GAACCAACTTCCGC-1,0.010370210188234018
GAACCTGAACGTGT-1,0.9450710349612765
GAACCTGAGAGACG-1,0.017722462510897055
GAACCTGATGAACC-1,0.09619053370422787
GAACGGGATACTTC-1,0.003585610952642229
GAACGTTGACGGAG-1,0.007089182812099655
GAACTGTGACCTGA-1,0.07350194381756915
GAACTGTGCCAGTA-1,0.010157619266667299
GAAGAATGCAATCG-1,0.0021205912635196
GAAGCGGACCTATT-1,0.1387037191953924
GAAGCTACGAATGA-1,0.02671399384012653
GAAGCTACGGTTTG-1,0.05514563645960556
GAAGGGTGAAAGTG-1,0.007815445850913724
GAAGGGTGCTTAGG-1,0.012232775075568093
GAAGGTCTGAAAGT-1,0.07168915826413366
GAAGGTCTGTTGCA-1,0.004708284473357101
GAAGGTCTTAAAGG-1,0.6038670606083341
GAAGTAGACTCCCA-1,0.0213752798218694
GAAGTAGATCCAAG-1,0.07997663857208358
GAAGTCACCCTCGT-1,0.0032974763760446673
GAAGTCACCCTGTC-1,0.0046739575466037625
GAAGTCTGTCGCAA-1,0.015938311504820984
GAAGTCTGTTCTGT-1,0.0035730181520597804
GAAGTGCTAAACGA-1,0.005778082707870958
GAAGTGCTCCGCTT-1,0.11766985141568714
GAAGTGCTTAACCG-1,0.07390819448563787
GAATGCACCCTAAG-1,0.06671208846900198
GAATGCACCTTCGC-1,0.004152840097150248
GAATGCTGCGGTAT-1,0.002563679432367078
GAATGGCTAAGATG-1,0.003544333442631695
GAATTAACGATAAG-1,0.004740420832402176
GAATTAACGGTCAT-1,0.03242441396125489
GAATTAACGTCGTA-1,0.006477060798917794
GAATTAACTGAAGA-1,0.41323859492937726
GACAACACAGGCGA-1,0.0021740316976017007
GACAACACATCGTG-1,0.026607826662560303
GACAACACTCGCCT-1,0.010796734442313513
GACAACTGAGGTTC-1,0.024133261914054554
GACAGGGAAGAGTA-1,0.0031749346494002063
GACAGGGAATGCCA-1,0.017496251811583836
GACAGTACGAGCTT-1,0.10267899309595425
GACAGTACTTCGGA-1,0.07577757506320874
GACAGTTGAGTAGA-1,0.026838559243414137
GACATTCTCCACCT-1,0.44202375411987305
GACCAAACGACTAC-1,0.012468986316687532
GACCAAACGTATCG-1,0.00853286969423708
GACCATGACTCTCG-1,0.0029190593146874257
GACCCTACTAAAGG-1,0.011026180038849512
GACCTAGACCTCAC-1,0.011794937962097012
GACCTAGACGAGAG-1,0.037393506409393415
GACCTCACAAGGTA-1,0.0009972129692970258
GACCTCACGTACGT-1,0.15891969866222805
GACCTCTGCATCAG-1,0.05054649110469553
GACGAACTCCCACT-1,0.004094803977447252
GACGATTGCCAATG-1,0.002218447205248392
GACGCCGACCTTCG-1,0.16181199583742353
GACGCTCTCTCTCG-1,0.048834392335265875
GACGGCACACGGGA-1,0.015598261528389735
GACGGCACGAGATA-1,0.03858337447875076
GACGTAACCTATGG-1,0.02578357793390751
GACGTAACCTGTGA-1,0.03710064240213898
GACGTAACTATGGC-1,0.2822866174909804
GACGTATGTTGACG-1,0.006349125159128259
GACGTATGTTTGCT-1,0.006941875856783655
GACGTCCTACGGAG-1,0.09554879367351532
GACGTCCTCTCAAG-1,0.02747311106779509
GACGTCCTGATAAG-1,0.012772572899444236
GACTACGATGGTCA-1,0.0027339812432829705
GACTCCTGCTCGCT-1,0.010891315837701162
GACTCCTGGGTTAC-1,0.023469337883094948
GACTCCTGTTATCC-1,0.030010209056652255
GACTCCTGTTGGTG-1,0.009768957168691687
GACTGAACAACCGT-1,0.002161926644880118
GACTGAACCAATCG-1,0.0024709883340013525
GACTGATGTGATGC-1,0.0027210276522156266
GACTTTACATGCCA-1,0.002217811328591779
GACTTTACGACAGG-1,0.009188076481223106
GAGAAATGTTCTCA-1,0.005370058714308673
GAGATAGAAAAAGC-1,0.027916405349969864
GAGATCACGACAAA-1,0.023758711577910516
GAGATGCTCTGGAT-1,0.02303989635159572
GAGATGCTGAATGA-1,0.06220519749654664
GAGCAGGATTCCCG-1,0.019711975163469713
GAGCATACTTTGCT-1,0.9766305287679037
GAGCGCACGCGTAT-1,0.004367931532518317
GAGCGCACGGTGAG-1,0.007743775792833831
GAGCGCTGAAGATG-1,0.00705781167683502
GAGCGCTGTCTTAC-1,0.0015824792191981235
GAGCGGCTGGGAGT-1,0.003839136845070041
GAGGACGACTCAGA-1,0.002475198959776511
GAGGATCTGAAAGT-1,0.002270252435765643
GAGGCAGACTTGCC-1,0.00969362941881021
GAGGGAACACCAGT-1,0.01931376147290899
GAGGGAACGAGGGT-1,0.029136715896634593
GAGGGATGGGAAAT-1,0.009441146129069643
GAGGGCCTTCACCC-1,0.04983702550331751
GAGGGTGAAGAGTA-1,0.005155778936265658
GAGGTACTACGGTT-1,0.003568413001226468
GAGGTACTACTCAG-1,0.004156867178001751
GAGGTACTGACACT-1,0.0792784993019369
GAGGTACTGGGAGT-1,0.004640799552564406
GAGGTACTTAGCGT-1,0.09040323769052823
GAGGTGGAGTACGT-1,0.0023601725729854982
GAGGTGGATCCTCG-1,0.00857062612582619
GAGGTTACTCGTTT-1,0.3829190532366435
GAGGTTTGTAAGCC-1,0.0006603093627038308
GAGTCAACCATTCT-1,0.0009618844366438376
GAGTCAACGGGAGT-1,0.0030383114871155056
GAGTCTGATCGTGA-1,0.0487880731622378
GAGTCTGATTTGGG-1,0.004476334476041504
GAGTGACTCAGCTA-1,0.23877538243929544
GAGTGACTCGGTAT-1,0.02689013723284006
GAGTGACTCTTGCC-1,0.010865194322023954
GAGTGACTGACTAC-1,0.002940917620435357
GAGTGACTGTCTAG-1,0.00428380833990458
GAGTGGGAGTCTTT-1,0.0034739343876329563
GAGTGGGATGCCCT-1,0.0018982658091570353
GAGTGGGATGCTGA-1,0.005508104908383555
GAGTGTTGCTGTAG-1,0.2519887685775757
GAGTGTTGTGGTCA-1,0.002914200068011673
GAGTTGTGCATGGT-1,0.0009351197158038202
GAGTTGTGCTGAGT-1,0.024287781160738733
GAGTTGTGGCGAGA-1,0.0013490275838800396
GAGTTGTGGTAGCT-1,0.051570878001964755
GAGTTGTGTATGCG-1,0.02053544261596269
GATAAGGAGAAACA-1,0.0011912936121613409
GATAAGGATTCACT-1,0.006736762174922559
GATACTCTATCGGT-1,0.048420274216267795
GATACTCTTACTTC-1,0.169345176882214
GATACTCTTGACTG-1,0.004760277147094409
GATAGAGAAGGGTG-1,0.03179878503498104
GATAGAGACTGTGA-1,0.08635001215669844
GATAGAGATCACGA-1,0.052078461481465235
GATAGCACCCATAG-1,0.10249034687876701
GATAGCACGAAGGC-1,0.008198634980039464
GATAGCACTTGTCT-1,0.010081446833080716
GATATAACAAGGTA-1,0.07284497366183335
GATATAACACGCAT-1,0.003000641387188807
GATATATGCTGGAT-1,0.009311732680847248
GATATATGTCCGTC-1,0.009084894813390242
GATATATGTGGAGG-1,0.9401877125104269
GATATCCTAGAAGT-1,0.049424444428748555
GATATCCTCCCGTT-1,0.0011975812619008745
GATATTGACAGGAG-1,0.023274348945253424
GATATTGACGAGTT-1,0.054046117804116674
GATATTGAGCCAAT-1,0.011315652065806918
GATCCCTGACCTTT-1,0.014160378396304118
GATCCCTGTGTAGC-1,0.06755639612674713
GATCCGCTGGTCAT-1,0.030112315383222368
GATCGAACCGAGAG-1,0.9312923351923624
GATCGATGACTAGC-1,0.004091093458959626
GATCGATGGTAAAG-1,0.0033234080830071536
GATCGATGTAAGGA-1,0.004081258990077509
GATCGTGACACTAG-1,0.0017886540671396586
GATCGTGATTCACT-1,0.05378650791115231
GATCTACTGGTGAG-1,0.15045100036594602
GATCTACTTTGCAG-1,0.006898937565791938
GATCTTACACCCAA-1,0.07379021309316158
GATCTTACCCTACC-1,0.0350211417923371
GATCTTACGAATAG-1,0.007007892308239307
GATCTTACGAGATA-1,0.00445106676650337
GATGCAACTCCAGA-1,0.011683211920575963
GATGCCCTACGTAC-1,0.5282274186611176
GATGCCCTCTCATT-1,0.07853355962369177
GATGCCCTGGCAAG-1,0.0029550331657648915
GATGCCCTTTTGCT-1,0.005071790196881112
GATTACCTTGTTCT-1,0.004808084398973733
GATTCGGAACGACT-1,0.001760754210408777
GATTCGGACAGGAG-1,0.051579499824179545
GATTCGGAGAAGGC-1,0.01994925954689582
GATTCTTGATTCGG-1,0.03834410860306687
GATTCTTGCCGATA-1,0.006952432902633316
GATTCTTGCGAGTT-1,0.0036752456087722546
GATTGGACCCGTTC-1,0.9347057872348361
GATTGGACGGTGTT-1,0.007622655772138387
GATTGGACTTTCGT-1,0.002021619248100453
GATTGGTGTGTCAG-1,0.07403410226106644
GATTTAGACACTCC-1,0.02765382559866541
GATTTAGACTAAGC-1,0.1974883700410525
GATTTAGATTCGTT-1,0.0009358964048765807
GATTTGCTAACGAA-1,0.0037993582664057612
GATTTGCTAACGGG-1,0.0014083480895755605
GCAACCCTCCTCGT-1,0.001025400868254817
GCAACTGATTGCGA-1,0.030449942892624274
GCAAGACTACTGGT-1,0.23773238559563956
GCAAGACTAGGTCT-1,0.11226368364360598
GCAAGACTCCCTTG-1,0.025636274471051164
GCAATCGACTGCAA-1,0.22445904049608442
GCAATCGAGACGTT-1,0.28331294490231407
GCAATCGATCCTTA-1,0.026540264280305967
GCAATTCTCGTGTA-1,0.05608735419809818
GCAATTCTTCTCCG-1,0.17339998400873607
GCACAAACAATGCC-1,0.006169530149135325
GCACAAACGGTACT-1,0.050845326027936406
GCACAATGGTGCAT-1,0.04190266732540396
GCACACCTGTGCTA-1,0.007167123283983933
GCACCACTCATGAC-1,0.8973115550147163
GCACCACTGTTTGG-1,0.0010142617943024056
GCACCACTTCCTTA-1,0.010688126003110988
GCACCACTTTCGGA-1,0.024191502016037703
GCACCTACGCGATT-1,0.3529477169116338
GCACCTTGGCTGTA-1,0.0020704150051137227
GCACCTTGGGGAGT-1,0.02692113056158026
GCACGGACCAGCTA-1,0.2138464136256112
GCACGGTGACCTCC-1,0.010706369247701433
GCACGGTGCTATGG-1,0.02235142317497068
GCACTAGAACGGGA-1,0.0720687181585365
GCACTAGAAGATGA-1,0.007411735798490958
GCACTAGACCTTTA-1,0.07544697386523087
GCACTAGACGTAAC-1,0.0012181637325233573
GCACTAGAGTCGTA-1,0.7002198530568017
GCACTAGATGCAAC-1,0.023875599623554282
GCACTGCTGAGGCA-1,0.8526850541432699
GCAGATACAGCGTT-1,0.054496485739946365
GCAGATACGACGGA-1,0.006158543039216763
GCAGATACGCAGAG-1,0.009020651199130548
GCAGCCGACAGTCA-1,0.025481562957995467
GCAGCGTGCACTCC-1,0.002846528669275964
GCAGCTCTCAATCG-1,0.0012086933897484818
GCAGCTCTGTTTCT-1,0.01849483172150536
GCAGGGCTAAGAAC-1,0.0029651623885405976
GCAGGGCTAAGGGC-1,0.010629366371884115
GCAGGGCTATCGAC-1,0.015316921092259387
GCAGGGCTTGGGAG-1,0.06287284816304843
GCAGTCCTAACTGC-1,0.027673614987482626
GCAGTCCTCTCTTA-1,0.004020360427805119
GCATCAGATGCGTA-1,0.01644602593862348
GCATGTGACAAGCT-1,0.013494848946316374
GCATTGGAGAAGGC-1,0.23703278601169586
GCCAAAACGAGGCA-1,0.009942839154973626
GCCAAATGATCGAC-1,0.4160535931587219
GCCAACCTACGGTT-1,0.0031769517033050456
GCCAACCTCGCCTT-1,0.0015117136645130813
GCCACGGAGGCGAA-1,0.002726934998968823
GCCACGGATACTGG-1,0.003019831825642743
GCCACTACCTACTT-1,0.001628369590940161
GCCACTACGTCTTT-1,0.013739047546146644
GCCCAACTACCGAT-1,0.16437133484416538
GCCCAACTATGGTC-1,0.007879751372254558
GCCCATACAGCGTT-1,0.08038357976410124
GCCGACGAACTCTT-1,0.01823424853177534
GCCGAGTGCGTTGA-1,0.15134143746561474
GCCGGAACGAACTC-1,0.17107950150966644
GCCGGAACGTTCTT-1,0.00583098203868657
GCCGGAACTGCACA-1,0.005227126232865784
GCCGGAACTTACTC-1,0.006823297680562569
GCCGTACTACCTGA-1,0.002217933584082251
GCCGTACTGGCAAG-1,0.004161000523405771
GCCTACACAGTTCG-1,0.015001516427016921
GCCTACACCACTGA-1,0.11245136335492134
GCCTACACCTTGAG-1,0.038257806251446404
GCCTAGCTACGGAG-1,0.001900483199278824
GCCTAGCTCTATTC-1,0.20640438795089722
GCCTAGCTTCTCAT-1,0.009128289943974879
GCCTAGCTTCTCTA-1,0.032087116243524685
GCCTCAACCATGGT-1,0.00348994286549795
GCCTCAACTCTTTG-1,0.6323321064313253
GCCTCATGTCTTAC-1,0.03326175962057379
GCCTGACTCTCAAG-1,0.003655566316511896
GCGAAGGAACTCTT-1,0.007560305543140405
GCGAAGGAGAGCTT-1,0.7612099183930291
GCGAAGGATGCCAA-1,0.0060050421743653715
GCGAGAGAGGGACA-1,0.004153712044676973
GCGAGCACTGTCGA-1,0.0021464995936387116
GCGAGCACTTGACG-1,0.02335895339234008
GCGAGCACTTGCTT-1,0.058474945525328316
GCGATATGGTACGT-1,0.03626474003411002
GCGATATGGTGTTG-1,0.00635074694097663
GCGCACGAAGTCGT-1,0.003962985802597056
GCGCACGACTTTAC-1,0.00197824621379065
GCGCATCTAGGTCT-1,0.0015940900096514572
GCGCATCTGGTTAC-1,0.06387497008674675
GCGCATCTTCGATG-1,0.0025243448940778356
GCGCATCTTGCTCC-1,0.017067256694038708
GCGCATCTTTCTAC-1,0.017879233592086367
GCGCGAACGTTCTT-1,0.004710313676494277
GCGCGATGAACGGG-1,0.001905749778315011
GCGCGATGGTGCAT-1,0.6379610631201003
GCGGAGCTCCTGAA-1,0.007101038871850405
GCGGCAACCCGATA-1,0.010576385720115569
GCGGCAACGGAGGT-1,0.003517936300745027
GCGGCAACTGTCGA-1,0.0010560160476921333
GCGTAAACACGGTT-1,0.6700854036543105
GCGTAATGCACCAA-1,0.061735390375057854
GCGTATGAACACCA-1,0.015246370289888646
GCGTATGATGAGAA-1,0.0222042011252294
GCTACAGAAAGGTA-1,0.007663190028526717
GCTACAGAATCTTC-1,0.0010078351939834345
GCTACAGATCTTAC-1,0.02262857887479994
GCTACCTGAGAAGT-1,0.03102565256671773
GCTACCTGATCACG-1,0.008904069545678794
GCTACGCTAGAATG-1,0.04365634069674545
GCTACGCTAGCTAC-1,0.4742263787322574
GCTACGCTCCCTAC-1,0.11463049468066958
GCTAGAACAGAGGC-1,0.0038151108989647278
GCTAGAACGGATCT-1,0.5042276415559981
GCTAGAACTCCCGT-1,0.001050714913516357
GCTAGATGAGCTCA-1,0.004922222488352822
GCTAGATGGCGATT-1,0.009358225235094627
GCTATACTAAGGCG-1,0.05323885277741485
GCTATACTAGCGTT-1,0.008318841431496872
GCTATACTCTCTTA-1,0.03669714513752195
GCTATACTGGACGA-1,0.07041009122298823
GCTCAAGAACCATG-1,0.8508175412813822
GCTCAAGAAGTCAC-1,0.033297094671676554
GCTCAGCTGTCTAG-1,0.0010465199447935447
GCTCCATGAGAAGT-1,0.12087541528873974
GCTCCATGCCGAAT-1,0.0032479387074191538
GCTCGACTCTAGTG-1,0.0028446231477169525
GCTGATGAGGTATC-1,0.0024551511192435604
GCTTAACTACAGTC-1,0.0014533027990384856
GCTTAACTACTGGT-1,0.005634516348234481
GCTTAACTGCTGAT-1,0.004389777106957303
GCTTAACTTAGACC-1,0.0019702421753512076
GCTTAACTTCAGTG-1,0.012561080382309027
GGAACACTCACTTT-1,0.00082770268070615
GGAACACTTCAGAC-1,0.09726014929927057
GGAACTACTACTTC-1,0.008421284508787923
GGAACTTGAAGGTA-1,0.03816104049070014
GGAACTTGAGAATG-1,0.19037896891434988
GGAACTTGCTCCAC-1,0.014884392601541348
GGAACTTGGGTAGG-1,0.003968556020279518
GGAAGGACATCGGT-1,0.0020464608646256644
GGAAGGACCACTAG-1,0.037212956645008594
GGAAGGACGAGGGT-1,0.3324603471491072
GGAAGGACGCGAAG-1,0.24727097319232094
GGAAGGTGGCGAGA-1,0.010471579858050164
GGAATCTGAAGGGC-1,0.019079676130786538
GGAATCTGAGGAGC-1,0.7369000514348348
GGAATCTGCTTAGG-1,0.0066931586156392265
GGAATCTGCTTGTT-1,0.09211989947491223
GGAATCTGGGAGGT-1,0.02278171433135867
GGAATGCTTTCTAC-1,0.0029719281560068745
GGACAGGAAAGGGC-1,0.05326694870988528
GGACAGGAGTGCTA-1,0.011815163410372205
GGACAGGATCTCGC-1,0.053226635687881045
GGACCCGAAGCTAC-1,0.05693370062443945
GGACCGTGCTTACT-1,0.0033433761046681968
GGACCGTGGGAACG-1,0.3482590880658891
GGACCGTGTAACGC-1,0.04394227349095874
GGACCTCTGTAAGA-1,0.01921724709164765
GGACCTCTTTTCTG-1,0.04160180460247728
GGACGAGAGTGTCA-1,0.0013407650144977702
GGACGCTGACGCAT-1,0.7040983968310885
GGACGCTGCTAGCA-1,0.03364850063290861
GGACGCTGTCCTCG-1,0.013691257200359056
GGAGAGACGTGAGG-1,0.8653961684968736
GGAGCAGATTCAGG-1,0.002087576775617587
GGAGCCACCTTCTA-1,0.17849407345056534
GGAGCGCTACGCAT-1,0.07149144137899081
GGAGCGCTCCGAAT-1,0.17175528821018007
GGAGGATGCCACCT-1,0.0010691383083920097
GGAGGATGGTTGAC-1,0.010527605255548324
GGAGGATGTCAGTG-1,0.009290747008182935
GGAGGCCTCGTTGA-1,0.010351652305366265
GGAGGCCTTTCTTG-1,0.008841483439836238
GGAGGTGATACGCA-1,0.04157775537007385
GGAGGTGATCGCTC-1,0.03973359573218557
GGATACTGCAGCTA-1,0.010633216731043326
GGATACTGTCTAGG-1,0.005726063934465249
GGATAGCTCGTCTC-1,0.1348977279331949
GGATAGCTCTGAAC-1,0.23658643662929535
GGATGTACCAAAGA-1,0.006750138114309973
GGATGTACGCGAAG-1,0.0027606373413517657
GGATGTACGTCTTT-1,0.0009936564213906725
GGATGTACGTGTCA-1,0.024449700489640236
GGATTTCTAGGTTC-1,0.022811769973486662
GGATTTCTTTGTCT-1,0.056949136364791125
GGCAAGGAAAAAGC-1,0.007409809060239543
GGCAAGGAAGAAGT-1,0.008493659875562621
GGCAAGGACTTGGA-1,0.04259276410771741
GGCAAGGAGGACTT-1,0.05312326177954674
GGCAATACGCTAAC-1,0.0026888668847580752
GGCAATACGGCATT-1,0.0030932233267877665
GGCAATACGTTTCT-1,0.007172290895444651
GGCACGTGGCTTAG-1,0.02494474827674114
GGCACGTGTGAGAA-1,0.5869613389174143
GGCACTCTTTTGTC-1,0.08127551380958822
GGCATATGCTTATC-1,0.2644862151808209
GGCATATGGGGAGT-1,0.029752679272658296
GGCATATGTGTGAC-1,0.8998174071311951
GGCCACGACAGAGG-1,0.0020509898216308406
GGCCAGACTGGTTG-1,0.12350000109937456
GGCCCAGAAAGTAG-1,0.010979645549216203
GGCCGAACAACGAA-1,0.007634113309904933
GGCCGAACGCAGAG-1,0.0016836896878279124
GGCCGAACGTAGGG-1,0.002592932562240296
GGCCGAACTCTAGG-1,0.004675334688120832
GGCCGATGCAGGAG-1,0.09215099074774319
GGCCGATGCCGAAT-1,0.05186264030635357
GGCCGATGTACTCT-1,0.034386198967695236
GGCGACACTGCCCT-1,0.800660663180881
GGCGACTGCGTAAC-1,0.01347296628066235
GGCGCATGCCTAAG-1,0.015424042435673377
GGCGCATGCTCCAC-1,0.10986728800667657
GGCGCATGTGGAAA-1,0.000858452119347122
GGCGGACTAGAGGC-1,0.010681615819016265
GGCGGACTAGGAGC-1,0.08015343339906798
GGCGGACTCTGACA-1,0.004227169491868053
GGCGGACTCTTGGA-1,0.035089107851187386
GGCGGACTTACTGG-1,0.0025572129525244236
GGCGGACTTGAACC-1,0.024800892039719555
GGCTAAACACCTGA-1,0.5692332088947296
GGCTAAACTCTTAC-1,0.05054043233394623
GGCTAATGAGCACT-1,0.02605413593765762
GGCTAATGGTCTAG-1,0.002025044914464363
GGCTCACTACTCAG-1,0.10297477576467726
GGGAACGAAGCTCA-1,0.06959008911831512
GGGAACGACACAAC-1,0.01524388101986713
GGGAACGAGTGTCA-1,0.003971220799333726
GGGAAGTGTTGAGC-1,0.0023273459971985882
GGGACCACACGTTG-1,0.025649809175067477
GGGACCACAGAACA-1,0.0029398618175441194
GGGACCACGAATAG-1,0.004989277674920029
GGGACCACGTCATG-1,0.005002801823947165
GGGACCACTCAAGC-1,0.0016755495647278924
GGGACCACTCGTGA-1,0.001672650813513125
GGGACCACTGCATG-1,0.0020227004198305723
GGGACCTGACCCTC-1,0.017585859840942755
GGGACCTGCTTGCC-1,0.003664646753653263
GGGACCTGTGGAGG-1,0.004468622222904944
GGGATGGACGACAT-1,0.005775033832631177
GGGATGGATACTTC-1,0.036112708039581776
GGGATGGATGGTTG-1,0.007055526405262451
GGGATTACGTCTAG-1,0.3620597653918796
GGGCAAGATGCATG-1,0.0017721732955477717
GGGCACACGGTGAG-1,0.9491249587800767
GGGCACACGTTGCA-1,0.6769503619935777
GGGCAGCTTGGGAG-1,0.07157585024833679
GGGCAGCTTTTCTG-1,0.012724255729052756
GGGCCAACCTTGGA-1,0.6738638348049588
GGGCCAACGCGTTA-1,0.02459913005845414
GGGCCAACTACGCA-1,0.005588416281777124
GGGCCAACTCCAAG-1,0.008557794939002229
GGGCCATGATGGTC-1,0.08660620244012938
GGGCCATGTTGACG-1,0.011954115186300542
GGGTAACTCAGCTA-1,0.016402712195283838
GGGTAACTCTAGTG-1,0.005841143985485865
GGGTAACTCTGGAT-1,0.01262258213116891
GGGTTAACGTGCAT-1,0.0137520848462979
GGTAAAGAGCTAAC-1,0.02526485092110104
GGTACAACTGCAAC-1,0.022921927118053038
GGTACATGAAAGCA-1,0.01092783752311435
GGTACATGAGCTCA-1,0.02470158997716175
GGTACATGCGGTAT-1,0.0014879557388162033
GGTACATGGTTACG-1,0.0033950958168134093
GGTACATGTGGGAG-1,0.18324129531780878
GGTACTGAACTCTT-1,0.0037662174177563023
GGTAGTACACCACA-1,0.08788869612746769
GGTAGTACACTAGC-1,0.009520922916837864
GGTAGTACCCTGTC-1,0.0034047153086349782
GGTAGTACGCCATA-1,0.002466008038027212
GGTAGTACTGTCTT-1,0.4294712543487549
GGTATCGAGACAAA-1,0.0019221449070351406
GGTATCGATGAACC-1,0.0008436602963936619
GGTCAAACCAAAGA-1,0.02507980281694068
GGTCTAGAGAAACA-1,0.0073227819003578686
GGTCTAGATAGCGT-1,0.10112371502651109
GGTGATACCGACTA-1,0.011377278016880155
GGTGATACGACTAC-1,0.0086988957805766
GGTGATACTGTTTC-1,0.0020403624382904833
GGTGGAGAAACGGG-1,0.18534716880983776
GGTGGAGAAGTAGA-1,0.007872767164371908
GGTGGAGACAGATC-1,0.02069910631204645
GGTGGAGATCGATG-1,0.008292035820583502
GGTGGAGATCTCTA-1,0.0016390826462561057
GGTGGAGATTACTC-1,0.06339012169175678
GGTTTACTACGCAT-1,0.1516222125954098
GTAACGTGACCTCC-1,0.07848405962189038
GTAACGTGATCGGT-1,0.005392890313588496
GTAACGTGCAGCTA-1,0.006781700675168799
GTAACGTGGTTGAC-1,0.025529514998197556
GTAAGCACAACGGG-1,0.004030281134570639
GTAAGCACTCATTC-1,0.0015951557806046265
GTAAGCTGGTACCA-1,0.0026686722218679884
GTAATAACCTTCTA-1,0.0037320865182361254
GTAATAACGTTGTG-1,0.004385643664540516
GTACCCTGACAGTC-1,0.02137898633049594
GTACCCTGGAGCTT-1,0.005758065626853042
GTACCCTGTCCTTA-1,0.012388870003633201
GTACCCTGTGAACC-1,0.04760037507447931
GTACGTGAACGTTG-1,0.007302183062872953
GTACTTTGTCGACA-1,0.033578054772482976
GTAGACTGAGATGA-1,0.007033636366638045
GTAGACTGTATTCC-1,0.002721661048579133
GTAGCAACAGTCGT-1,0.003126496474982964
GTAGCAACCATTTC-1,0.005925437011885353
GTAGCAACGGTAGG-1,0.0005181723811094546
GTAGCATGCACTCC-1,0.0027461177540115183
GTAGCATGTAAGCC-1,0.0019427326171555454
GTAGCCCTGACGTT-1,0.00825208668700523
GTAGCTGAAGCTAC-1,0.10405464594562848
GTAGCTGAATTCGG-1,0.02582494391956263
GTAGGTACACGGGA-1,0.015453519635937281
GTAGTGACCTCATT-1,0.008630149260473749
GTAGTGTGAGCGGA-1,0.39346114959981704
GTAGTGTGAGGCGA-1,0.0027469972782354387
GTAGTGTGTGGTTG-1,0.0015790424933786401
GTATCACTGGTAGG-1,0.042446037754416466
GTATCTACAGAAGT-1,0.022080566371894546
GTATCTACGACGAG-1,0.0408232853644424
GTATCTACGTTACG-1,0.05963651484085454
GTATTAGAAACAGA-1,0.586665478017595
GTATTAGAGGTCTA-1,0.00130890109802648
GTATTCACACAGCT-1,0.0024389648654808602
GTATTCACGGGTGA-1,0.006195210457210326
GTCAACGACACTGA-1,0.39666937788327533
GTCAACGAGTGTAC-1,0.006102083858826922
GTCAACGATCAGGT-1,0.0019071795460250643
GTCAATCTACACCA-1,0.5083773036797842
GTCAATCTGTAGCT-1,0.5539818836583031
GTCAATCTTGTGGT-1,0.00249060279262873
GTCACCTGCCTCCA-1,0.007113217466717793
GTCACCTGTCCCGT-1,0.128949841691388
GTCATACTAATCGC-1,0.00950105480539302
GTCATACTGCGATT-1,0.014539025982634889
GTCATACTTCGCCT-1,0.07444311569755276
GTCATACTTTACCT-1,0.011119251786213782
GTCATACTTTGACG-1,0.0021271924067857778
GTCCAAGAAAAACG-1,0.0026427555615858487
GTCCACTGACCTCC-1,0.014713360151896874
GTCCACTGGGTACT-1,0.08766005726324187
GTCCAGCTACGGGA-1,0.007559696600462
GTCCCATGTGGTGT-1,0.36416058076752555
GTCGAATGAAGGCG-1,0.01038497178039203
GTCGACCTGAATGA-1,0.012697176658548415
GTCGACCTGTTCAG-1,0.005440045005848838
GTCGCACTTGAGAA-1,0.34426288968986934
GTCTAACTGGTCTA-1,0.024332209981770977
GTCTAGGAGCTTCC-1,0.026619539958321385
GTGAACACACTCTT-1,0.001678413832754207
GTGAACACAGATCC-1,0.003552673313404537
GTGAACACTCAGGT-1,0.0028678805586726717
GTGACCCTTAAGCC-1,0.01216165255755186
GTGATGACAAGTGA-1,0.863740603129069
GTGATGACCTGAGT-1,0.0030505248610602897
GTGATGACGGTTTG-1,0.05974723895390829
GTGATTCTCATTTC-1,0.040716028668814234
GTGATTCTCTCTCG-1,0.013019720765037669
GTGATTCTGGTTCA-1,0.019877481636487775
GTGATTCTGTCGAT-1,0.0029738240086266566
GTGATTCTTAGCGT-1,0.002319529490907573
GTGCCACTCAGGAG-1,0.0017648932245922172
GTGGATTGCACTAG-1,0.04740183577976293
GTGGATTGCGGAGA-1,0.10860912501811981
GTGGATTGTAACGC-1,0.00652450315343837
GTGTACGATCAGTG-1,0.008469874582563838
GTGTAGTGGGTACT-1,0.034023425024416715
GTGTATCTAGCCTA-1,0.004110808746190742
GTGTATCTAGTAGA-1,0.9655659861034818
GTGTATCTGTTACG-1,0.02916622270519535
GTGTCAGAAGCGTT-1,0.08785598145590888
GTGTCAGAATGCTG-1,0.0008967237671539704
GTTAAAACCGAGAG-1,0.013975012374834882
GTTAAAACTTCGCC-1,0.053939088765117854
GTTAAATGCTCGAA-1,0.2072458333439297
GTTAAATGTCGACA-1,0.06624840262035529
GTTAACCTAGCTAC-1,0.054857478787501655
GTTAACCTTGCTTT-1,0.5798464053206973
GTTAGGTGCACTCC-1,0.014305392435441414
GTTAGGTGCCAGTA-1,0.06975103418032329
GTTAGGTGCCCAAA-1,0.013462354526078949
GTTAGGTGGAACTC-1,0.004739134106785059
GTTAGTCTAAGAAC-1,0.0014763670494883424
GTTATAGAGGACAG-1,0.11186867290072972
GTTATGCTTTCATC-1,0.00435344296016006
GTTCAACTGGGACA-1,0.006435889291525301
GTTCAACTTATGCG-1,0.003630120488297608
GTTGACGAGCCCTT-1,0.00846683667300062
GTTGACGATATCGG-1,0.01966521089586119
GTTGAGTGGTCTTT-1,0.07830384435753028
GTTGAGTGTGCTTT-1,0.1763694244954321
GTTGATCTGGGACA-1,0.0011161489213312354
GTTGATCTTTTCAC-1,0.02598695456981659
GTTGGATGTTTACC-1,0.06643663098414739
GTTGTACTATTCCT-1,0.02550837666624122
GTTGTACTTTTGGG-1,0.011952092638239264
GTTTAAGACCATGA-1,0.01312647364102304
GTTTAAGACTGTCC-1,0.0052468465033194255
TAAACAACCAACCA-1,0.27109532058238983
TAAACAACGAATCC-1,0.01432252315700882
TAAAGACTCAGGAG-1,0.0671948544267151
TAAATCGATGAGGG-1,0.04001525934371683
TAACAATGTGCCCT-1,0.003448473346199737
TAACACCTTCGCTC-1,0.010004146322090592
TAACACCTTCGTAG-1,0.0582106773638063
TAACACCTTGTTTC-1,0.06163770754614638
TAACATGACACTAG-1,0.925320393509335
TAACCGGACTTACT-1,0.0011962212350529928
TAACGTCTCAACCA-1,0.0019747618838058165
TAACGTCTCATTGG-1,0.0465310083495246
TAACTAGAATTTCC-1,0.046144012879166335
TAACTAGACTTAGG-1,0.12162386212084028
TAACTAGATCTGGA-1,0.010354885702124901
TAACTCACGAGGAC-1,0.005389380799089041
TAACTCACGTACAC-1,0.01039638497038848
TAACTCACGTATCG-1,0.4269498685995738
TAACTCACTCTACT-1,0.052748698741197586
TAAGAACTGTGTCA-1,0.0020722724536123374
TAAGAGGACTAAGC-1,0.01610033069219854
TAAGAGGACTTGTT-1,0.01216520680140497
TAAGATACCCACAA-1,0.002648375928401947
TAAGATACGGTTCA-1,0.005958271109395557
TAAGATTGCGTAGT-1,0.07273973359002008
TAAGATTGTTGCTT-1,0.025987708785881598
TAAGCGTGAGGTTC-1,0.018387792476763327
TAAGCGTGGACAAA-1,0.4261915915542179
TAAGCGTGGGAAAT-1,0.007001692765495843
TAAGCGTGTGCTCC-1,0.4529743525716994
TAAGGCTGCCATGA-1,0.10881300850047006
TAAGGCTGCTGCTC-1,0.004022362693730328
TAAGGCTGTCTCGC-1,0.05218402223868503
TAAGGGCTGCTGTA-1,0.06196409505274561
TAAGGGCTTTACTC-1,0.04081138864987426
TAAGTAACCGAGAG-1,0.001399927175953053
TAAGTAACCTCCAC-1,0.0037483619946417296
TAAGTAACCTGTAG-1,0.38263897432221305
TAAGTAACTTGTCT-1,0.027550034845868748
TAATGATGAGCGGA-1,0.006272255261946056
TAATGCCTCATGAC-1,0.1377775561478403
TAATGCCTCGTCTC-1,0.07828052466114362
TAATGTGAAGATGA-1,0.0008248040766274142
TAATGTGACTGCAA-1,0.05864741053018305
TAATGTGATTACTC-1,0.4871380594041612
TACAAATGGGTACT-1,0.07451916072103712
TACAATGAAAACAG-1,0.003644392605767482
TACAATGACTTAGG-1,0.008904117845102318
TACAATGATGCTAG-1,0.08297375548217031
TACACACTCACACA-1,0.116167604095406
TACACACTCTTACT-1,0.013184840583966838
TACATAGAACGCAT-1,0.05513843521475792
TACATCACACGGGA-1,0.002343084650217659
TACATCACCTGTTT-1,0.02337230146966047
TACATCACGCTAAC-1,0.005325444993407776
TACATCACTGAACC-1,0.059388452830413975
TACCATTGAGGTTC-1,0.001886856936228772
TACCATTGCGGGAA-1,0.014237136683530278
TACCATTGGGGATG-1,0.002941632061265409
TACCATTGTGAGGG-1,0.9150447646776835
TACCGGCTGTTGGT-1,0.06211611380179723
TACGAGTGATCTCT-1,0.023006763205760054
TACGAGTGATGCTG-1,0.0564718438933293
TACGAGTGCGGAGA-1,0.06672884523868561
TACGAGTGGTTGGT-1,0.011711695102146931
TACGATCTAGTGTC-1,0.002756530279940408
TACGATCTCACTGA-1,0.2396552628941006
TACGATCTTACGAC-1,0.07077947879830997
TACGCAGACGTCTC-1,0.0032495062203249997
TACGCAGAGAATCC-1,0.47779344187842476
TACGCCACATTCCT-1,0.004062452185381617
TACGCCACTCCCAC-1,0.06290374561730358
TACGCCACTCCGAA-1,0.011275362003491156
TACGCGCTCTTCTA-1,0.026253497331506677
TACGGAACGCGTTA-1,0.003198608419754439
TACGGCCTGGGACA-1,0.0035354205158202806
TACGGCCTGTCCTC-1,0.0023500766255892813
TACGTACTACGGAG-1,0.8709039886792501
TACGTACTCAGTTG-1,0.1429373083843125
TACGTACTCCCGTT-1,0.003967707187661694
TACGTTACAGAAGT-1,0.015276810775200525
TACGTTACCAAGCT-1,0.0021979762273581904
TACTAAGAAAGGTA-1,0.0011841608534774019
TACTAAGAATCACG-1,0.002621796690315629
TACTAAGATGATGC-1,0.0013141270707516621
TACTAAGATTGCGA-1,0.01547329355445173
TACTACACGAGAGC-1,0.06411329077349769
TACTACACTTACCT-1,0.0008809263365239733
TACTACTGAACCTG-1,0.008292452212319605
TACTACTGATGTCG-1,0.04772106630520688
TACTACTGATTCTC-1,0.0021820918983495277
TACTACTGTATGGC-1,0.0071782232391544515
TACTCAACGGTCTA-1,0.01914920300866167
TACTCAACTGCTAG-1,0.03322648215625021
TACTCCCTCAGTTG-1,0.0018273907028035158
TACTCTGAATCGAC-1,0.023871817626059055
TACTCTGACGAGTT-1,0.07423978009157711
TACTCTGATTGACG-1,0.003793766777056994
TACTGGGATCGATG-1,0.5432814194096459
TACTGTTGAAAGCA-1,0.016805371166103415
TACTGTTGAGGCGA-1,0.010131730736854175
TACTGTTGCTGAAC-1,0.6913944681485494
TACTTGACTCCTCG-1,0.04470614095528921
TACTTGACTGGTGT-1,0.0020336086373491627
TACTTTCTTTTGGG-1,0.012004643523444733
TAGAAACTAATCGC-1,0.0011851942916918132
TAGAAACTGCTTCC-1,0.005496654659509659
TAGAAACTGGGATG-1,0.006500102741281605
TAGAATTGCGACAT-1,0.0015834750374779105
TAGAATTGTATCGG-1,0.023825516199900046
TAGACGTGCTTGAG-1,0.0026759368677934012
TAGACGTGTCGCTC-1,0.01183774167050918
TAGAGCACCTTACT-1,0.0037868136358964774
TAGATTGACTTGTT-1,0.0030194657997021247
TAGATTGAGGCATT-1,0.0024255176540464163
TAGCATCTCAGCTA-1,0.011013584302013947
TAGCATCTCCCTCA-1,0.00968708835231761
TAGCATCTGCTGTA-1,0.03281713667739597
TAGCATCTGGGACA-1,0.0020515029706681767
TAGCATCTTGTCGA-1,0.0006549488365029296
TAGCCCACAAAAGC-1,0.26030972599983215
TAGCCCACAGCCAT-1,0.22790707151095072
TAGCCCACAGCTAC-1,0.017822511358341824
TAGCCCACCCACAA-1,0.0035217451319719353
TAGCCCTGCGGAGA-1,0.01968326885253191
TAGCCGCTTACGAC-1,0.016163404203123517
TAGCCGCTTACTTC-1,0.2982150713602702
TAGCCGCTTTCCAT-1,0.07512324096428023
TAGCTACTGAATAG-1,0.0028936829152775723
TAGCTACTGTAGCT-1,0.1451736730006006
TAGCTACTTTTGCT-1,0.0018959386604061972
TAGGACTGTGCTGA-1,0.022819823378490076
TAGGAGCTAAGGCG-1,0.002778225743289416
TAGGAGCTGAGGGT-1,0.08797270680467288
TAGGAGCTTGCATG-1,0.0031467846549478257
TAGGCAACCGTCTC-1,0.006908543459657166
TAGGCATGCTCTCG-1,0.2564058221048779
TAGGCATGGCGAGA-1,0.15425633473528755
TAGGCTGATGCCTC-1,0.008176169131830748
TAGGGACTGAACTC-1,0.5065891676478915
TAGGTCGACACTGA-1,0.0030883399239327344
TAGGTCGAGGATCT-1,0.003860534964284549
TAGGTGACACACTG-1,0.015459259816755852
TAGGTGACACGTTG-1,0.003091733023110363
TAGGTGTGTTCTGT-1,0.07487819592158
TAGGTTCTGAAGGC-1,0.6649825572967529
TAGGTTCTTCTTAC-1,0.018391144688292924
TAGGTTCTTGCTGA-1,0.02930611175381475
TAGTAAACCTCGCT-1,0.006970262387767434
TAGTAAACGTCACA-1,0.5204948054419624
TAGTAATGAGATCC-1,0.0024751175224082544
TAGTACCTAAGAAC-1,0.003259753497938315
TAGTATGATCTTAC-1,0.010817474659739269
TAGTATGATTCTCA-1,0.07606694826649295
TAGTCTTGGCTGTA-1,0.0007417197905144551
TAGTCTTGGGACTT-1,0.0017657910324891822
TAGTCTTGTGGAAA-1,0.1528962088955773
TAGTGGTGAAGTGA-1,0.01373990021723633
TAGTTAGAACCACA-1,0.01655752447226809
TAGTTAGATGAACC-1,0.012023731807453765
TATAAGACAACAGA-1,0.002542955548657725
TATAAGACAGCTCA-1,0.0474548172723088
TATAAGTGACACCA-1,0.026589851102067366
TATAAGTGTATCGG-1,0.001646703086508852
TATAAGTGTGGTGT-1,0.06913008928919832
TATACAGAACCCTC-1,0.038520823750231
TATACAGAAGAACA-1,0.0026443327660672367
TATACAGATCCAGA-1,0.06766438318623437
TATACCACCTGATG-1,0.0026913747747635674
TATACGCTACCAAC-1,0.03459169870863358
TATAGATGGACGGA-1,0.022756827374299366
TATAGATGTTCCGC-1,0.09651808958086702
TATCACTGACTGTG-1,0.0011379284082472117
TATCCAACCAGCTA-1,0.0013204279999222814
TATCCAACTCTCTA-1,0.030188287297884624
TATCGACTACTAGC-1,0.009786635921854112
TATCGACTCGATAC-1,0.011113118664878938
TATCGTACAGATGA-1,0.12766993625296486
TATCGTACATTCCT-1,0.02810111828148365
TATCTCGAGAGATA-1,0.0009515809805533434
TATCTGACAGGTTC-1,0.014159052581008937
TATCTGACTGTTTC-1,0.101466523276435
TATCTTCTAAACAG-1,0.00692135710010512
TATGAATGGAGGAC-1,0.017761358318643436
TATGAATGTTTGCT-1,0.060844916850328445
TATGCGGATAACCG-1,0.022517479852669768
TATGGGTGCATCAG-1,0.20533881026009718
TATGGGTGCTAGCA-1,0.030621085678123765
TATGGTCTCTACCC-1,0.008946283021941781
TATGTCACGGAACG-1,0.14802701357338163
TATGTCACTAACCG-1,0.1088821358150906
TATGTCACTTCTCA-1,0.003114261444554561
TATGTGCTCCGATA-1,0.005703227956675821
TATGTGCTGGATTC-1,0.004255182497824232
TATTGCTGAAGAAC-1,0.0020239642439668793
TATTGCTGCCGTTC-1,0.004953740876064532
TATTGCTGTCTGGA-1,0.0030133689676101008
TATTGCTGTGCACA-1,0.002444037485272727
TATTTCCTATTGGC-1,0.0029636152903549373
TATTTCCTGGAGGT-1,0.04705808301352792
TATTTCCTGGTGTT-1,0.0035408462540039588
TCAACACTGTTTGG-1,0.06960377692141467
TCAAGGACAGCGTT-1,0.002575940659476651
TCAAGGACATTCTC-1,0.003956054023648094
TCAAGGACGGTGTT-1,0.0021303698821510705
TCAATCACACTCTT-1,0.040580581666694746
TCAATCACAGTCGT-1,0.012750387786784105
TCACAACTATGTGC-1,0.011184900197096996
TCACAACTTTGCTT-1,0.0011941891118314946
TCACATACACTTTC-1,0.3206410225894716
TCACATACAGGGTG-1,0.0016292090375726628
TCACCCGAGACGGA-1,0.24080701006783378
TCACCGTGCTCGCT-1,0.15654930844902992
TCACCTCTACGACT-1,0.005723120929259393
TCACCTCTTCCAAG-1,0.02083601476624608
TCACGAGAGGAGGT-1,0.009904623781848285
TCACTATGGGGCAA-1,0.003750595380552113
TCACTATGGTTGTG-1,0.0018217730280917345
TCAGACGACGCTAA-1,0.02217564990537034
TCAGACGACGTTAG-1,0.02269308816175908
TCAGAGACTCCAGA-1,0.0011588651686906815
TCAGCAGACTCCAC-1,0.009736004712370535
TCAGCGCTCTAGTG-1,0.018024945942064125
TCAGCGCTGGATCT-1,0.0033014176846740562
TCAGCGCTGGTATC-1,0.034274822721878685
TCAGGATGAAGTAG-1,0.0014517574001931483
TCAGGATGCCTTTA-1,0.015686325411984905
TCAGTGGAAGATCC-1,0.03000076146175464
TCAGTTACCTACGA-1,0.009030207474198606
TCAGTTACTAGAAG-1,0.013855259373991026
TCATCAACCCGATA-1,0.006255827494896948
TCATCAACTGTTCT-1,0.049290351362691984
TCATCATGCAGTTG-1,0.020341174366573494
TCATCCCTTACTGG-1,0.12712027629216513
TCATTCGATACAGC-1,0.016028509992692206
TCCACGTGGAAACA-1,0.13055237962139976
TCCACTCTACACTG-1,0.010263689004609155
TCCACTCTGAGCTT-1,0.045680463314056396
TCCACTCTTACTTC-1,0.004275224604902582
TCCATAACAAAGTG-1,0.013769053905788396
TCCATAACCGTAGT-1,0.010806329431943595
TCCATAACGATGAA-1,0.04386064989699258
TCCATAACTACGCA-1,0.0163733911079665
TCCATCCTCCCTAC-1,0.05071078437483973
TCCCACGATCATTC-1,0.019228336815204885
TCCCATCTCAAAGA-1,0.02926235232088301
TCCCGAACACAGTC-1,0.0077685494357461315
TCCCGAACTTCGCC-1,0.009196230365584293
TCCCGATGAGATCC-1,0.017573302171917424
TCCCGATGCCTGAA-1,0.0011369168189250762
TCCCGATGCTGTGA-1,0.02039026262031661
TCCCTACTCAACTG-1,0.004297798835775918
TCCGAAGACAATCG-1,0.002183289629303747
TCCGAAGACGTTAG-1,0.09553032533990012
TCCGGACTGAGGTG-1,0.016150098707940843
TCCGGACTGTACGT-1,0.025439004620744124
TCCTAAACATCGAC-1,0.0014791644320616291
TCCTAAACCGAGAG-1,0.13847039391597113
TCCTAAACCGCATA-1,0.011185604800832354
TCCTAATGGTTTGG-1,0.19998784280485576
TCCTACCTGTCGTA-1,0.03864342408875624
TCCTATGAAAAGCA-1,0.002311593988755097
TCGAATCTCTGGTA-1,0.007260072355469068
TCGACCTGCCGATA-1,0.020331016276031733
TCGACGCTTCTATC-1,0.009637096832092438
TCGACGCTTTGACG-1,0.023881317012839846
TCGAGAACGACAGG-1,0.020599955537666876
TCGAGAACGTTAGC-1,0.49205967452791
TCGAGCCTATCAGC-1,0.0023812873518585954
TCGAGCCTGCGAGA-1,0.38499677181243896
TCGAGCCTTGTGAC-1,0.020175996133022837
TCGATACTATTCCT-1,0.047968027285403676
TCGATACTTGCACA-1,0.014799556901885403
TCGATTTGATGCCA-1,0.006609441570213271
TCGATTTGCACTCC-1,0.007430716159029139
TCGATTTGCAGCTA-1,0.007999564676235119
TCGATTTGCCTACC-1,0.035525823943316936
TCGATTTGTCGTGA-1,0.003734755433268017
TCGCACACCATCAG-1,0.002552325184094823
TCGCAGCTAGATCC-1,0.06576988183789784
TCGCCATGAGACTC-1,0.0019883506498040836
TCGCCATGTGGTCA-1,0.016240360357591674
TCGGACCTAACAGA-1,0.050683741768201195
TCGGACCTATAAGG-1,0.0039473918942450024
TCGGACCTGTACAC-1,0.8237704700893826
TCGGTAGAGTAGGG-1,0.005980834727072054
TCGGTAGATCCCAC-1,0.00521290007357796
TCGTAGGATCGACA-1,0.1231297358042664
TCGTGAGAACTGTG-1,0.0012465322660217579
TCGTTATGGACAAA-1,0.014781741632355584
TCTAACACCAGTTG-1,0.012419045488867495
TCTAACACGAGCAG-1,0.2985676709148619
TCTAACTGAACCAC-1,0.023659285106178787
TCTAAGCTAATGCC-1,0.007820861284724541
TCTAAGCTTAGTCG-1,0.012496083069385754
TCTAAGCTTCTAGG-1,0.02790141454897821
TCTAAGCTTGTTCT-1,0.0021038443665020168
TCTAAGCTTTCGCC-1,0.0024132475648204693
TCTACAACGACTAC-1,0.0240661078132689
TCTAGACTTAGAAG-1,0.001543112619805874
TCTAGTTGCACCAA-1,0.017363093017290037
TCTATGTGAAGAGT-1,0.0024900421105687404
TCTATGTGAGTCTG-1,0.0027059530289584976
TCTCAAACCTAAGC-1,0.0030845884434206206
TCTCTAGAATTTCC-1,0.03591833801733123
TCTGATACACGTGT-1,0.014283316339262657
TCTGATACTCGCCT-1,0.004320469193367494
TCTTACGAACCTGA-1,0.007994086416955624
TCTTCAGAGCTACA-1,0.08661147331198056
TCTTGATGCGGAGA-1,0.10008199844095442
TGAAATTGGTGAGG-1,0.09272142209940487
TGAACCGAAAACGA-1,0.011849284404888749
TGAACCGACTACTT-1,0.03258598200045526
TGAACCGATTCGGA-1,0.034597054279098906
TGAAGCACTCACGA-1,0.020969705552690558
TGAAGCTGAACGAA-1,0.003688138004185425
TGAAGCTGAGACTC-1,0.0012318544904701412
TGAAGCTGCATGGT-1,0.009132640585044606
TGAAGCTGCGTAAC-1,0.04599937568936083
TGAATAACCACTTT-1,0.01715389509788818
TGAATAACTCCCAC-1,0.024085684317267604
TGACACGACCTTAT-1,0.001567043858813122
TGACCAGACAACCA-1,0.02189533728071385
TGACCAGAGGATTC-1,0.0020372128831998757
TGACCGCTAAAAGC-1,0.02120173029187653
TGACCGCTCTGCAA-1,0.001886955035539965
TGACGATGCAAAGA-1,0.0015452277083467278
TGACGCCTGTACCA-1,0.8691381613413492
TGACGCCTTTACTC-1,0.013457504954809943
TGACTGGAAGAGAT-1,0.002256347403292441
TGACTGGACCGTAA-1,0.006404727070023202
TGACTGGACGCAAT-1,0.0010766543564386666
TGACTGGAGGACAG-1,0.01427653773377339
TGACTGGATTCTCA-1,0.812893463505639
TGACTTACACACCA-1,0.05796812567859888
TGACTTACAGTCTG-1,0.07376569861339198
TGACTTTGCGCATA-1,0.0020148176247150535
TGACTTTGTTTGTC-1,0.03748539121200641
TGAGACACAAGGTA-1,0.8060649832089742
TGAGACACTCAAGC-1,0.01574845275738173
TGAGACACTGTGCA-1,0.0034596414770931005
TGAGCTGAATGCTG-1,0.040412384602758616
TGAGCTGACTGGAT-1,0.002456004071670274
TGAGCTGAGCGAGA-1,0.0011461542243422526
TGAGCTGATGCTAG-1,0.0017848561741023634
TGAGGACTCTCATT-1,0.01734448539920979
TGAGGACTTCATTC-1,0.05831945315003395
TGAGGTACGAACCT-1,0.0618623292280568
TGAGTCGAGTTACG-1,0.0034745002016683835
TGAGTGACTGAGCT-1,0.007278248797067338
TGATAAACGAATCC-1,0.04944972704268164
TGATAAACTCCGTC-1,0.04250174346897337
TGATAAACTTTCAC-1,0.0019435578659694227
TGATACCTCACTAG-1,0.0024108415204359013
TGATACCTGTTGGT-1,0.005932317891468604
TGATACCTTATGCG-1,0.0250387629494071
TGATACCTTGAAGA-1,0.055629013313187495
TGATATGAACCTTT-1,0.009238227632724576
TGATCACTAGCATC-1,0.002299517570968924
TGATCACTCTCGCT-1,0.0018710546476844077
TGATCACTTCTACT-1,0.0062500804261718355
TGATCGGACTGACA-1,0.03568302498509487
TGATCGGAGGAGCA-1,0.001422774825995374
TGATCGGATATGCG-1,0.01166970618457223
TGATTAGACATTGG-1,0.05335965700861481
TGATTAGATGACTG-1,0.0016070595075790253
TGATTAGATGCTAG-1,0.003609036709854586
TGATTCACTATGCG-1,0.0040841552577654105
TGATTCACTGTCAG-1,0.005219100075515194
TGATTCTGCCGAAT-1,0.034539952201561794
TGATTCTGCTCTTA-1,0.15904902584022945
TGCAAGTGAGAACA-1,0.1294052360786332
TGCAAGTGGGTAGG-1,0.0034305454852680364
TGCAATCTTCAGGT-1,0.6288424531618754
TGCACAGACGACAT-1,0.006755276738355557
TGCCAAGAGCAGTT-1,0.9461290240287781
TGCCAAGATCTCTA-1,0.04347347923451
TGCCACTGAACGTC-1,0.04051781135300795
TGCCACTGCGATAC-1,0.040530356423308454
TGCCAGCTTGGCAT-1,0.010504917603813939
TGCCCAACAGCAAA-1,0.11564406835370594
TGCCCAACCGCATA-1,0.0358347086649802
TGCCGACTCTCCCA-1,0.00566085581926422
TGCGAAACAGTCAC-1,0.021169093230532274
TGCGAAACGTTGCA-1,0.00453943223045725
TGCGATGAACGGTT-1,0.017998015456315544
TGCGATGACCTCGT-1,0.005001548134411375
TGCGATGACTAGTG-1,0.06626908625993463
TGCGATGACTGCTC-1,0.01626865413143403
TGCGATGACTTGCC-1,0.007980557404355042
TGCGATGAGTGCTA-1,0.010522452752209373
TGCGCACTCTTGAG-1,0.001692624516888625
TGCGTAGAATAAGG-1,0.002635645848284993
TGCGTAGACGGGAA-1,0.009653492701343365
TGCGTAGATGGTCA-1,0.22360973556836447
TGCTAGGAAACCGT-1,0.14100821564594904
TGCTAGGATAGTCG-1,0.009691554121673107
TGCTATACGGTTCA-1,0.3295285403728485
TGCTATACTGCTGA-1,0.29331857628292507
TGCTGAGAGAGCAG-1,0.00885263922585485
TGCTGAGATTATCC-1,0.02902116533368826
TGGAAAGACTCTCG-1,0.004926220484776422
TGGAAAGAGCGATT-1,0.03379055831788315
TGGAAAGAGGTCAT-1,0.04087365731700427
TGGAAAGATATGGC-1,0.0021837562752706516
TGGAACACAAACAG-1,0.007957996473932225
TGGAACACGCTAAC-1,0.006482775232547687
TGGAAGCTCAGATC-1,0.004843617498409003
TGGACCCTACACTG-1,0.0022176188843635223
TGGACCCTCATGGT-1,0.1295291425453292
TGGACCCTGGTACT-1,0.15047221879164377
TGGACTGAGTATGC-1,0.2431706902053621
TGGAGACTATCAGC-1,0.02581441919836733
TGGAGACTGAAACA-1,0.000947998288514403
TGGAGACTTCAAGC-1,0.0008755138260312378
TGGAGACTTGACCA-1,0.008905590072067248
TGGAGGGACGGAGA-1,0.010333751619327813
TGGAGGGAGCTATG-1,0.001091507965207307
TGGATCGATAAAGG-1,0.0065007588515679044
TGGATGTGACCTAG-1,0.0050384650175045766
TGGATGTGATGTCG-1,0.11390467153655158
TGGATGTGTGAAGA-1,0.030086757201287482
TGGATTCTCATACG-1,0.14977327403095034
TGGCAATGCTTGTT-1,0.005504510552984559
TGGCAATGGAGGGT-1,0.02145649078819487
TGGCACCTTCACGA-1,0.001202826653348489
TGGCACCTTCAGTG-1,0.014716407452296052
TGGGTATGAAGAGT-1,0.04784705303609371
TGGGTATGCACAAC-1,0.1264613014128473
TGGGTATGGTACGT-1,0.001400347280044419
TGGGTATGTTTGGG-1,0.00956862278851784
TGGTAGACATGCCA-1,0.030898357431093853
TGGTAGACCCTCAC-1,0.02581219758010573
TGGTAGACCTGATG-1,0.06061834262477027
TGGTAGTGCACTGA-1,0.002485396418099602
TGGTATCTAAACAG-1,0.008488217006540962
TGGTATCTCTTCCG-1,0.0030918398988433182
TGGTCAGACCCAAA-1,0.004183386853482161
TGGTCAGACCGTTC-1,0.002940862952123603
TGGTTACTGACGTT-1,0.012046364058429996
TGGTTACTGTTCTT-1,0.034524341113865376
TGTAACCTAGAGGC-1,0.01882897296713458
TGTAACCTTGCCTC-1,0.02495393943455484
TGTAATGACACAAC-1,0.0023178535662332755
TGTAATGAGGTAAA-1,0.060023723584082395
TGTACTTGCTCTAT-1,0.052777933318995766
TGTAGGTGCGAGAG-1,0.0026400955830467865
TGTAGGTGCTATGG-1,0.426708890332116
TGTAGGTGCTCTAT-1,0.6859728627734714
TGTAGGTGTGCTGA-1,0.005215786099951301
TGTAGTCTTCCAGA-1,0.011681956368395023
TGTAGTCTTGCACA-1,0.03593846627821525
TGTATCTGTTAGGC-1,0.02116799155353672
TGTATGCTCATGGT-1,0.0025714696805355037
TGTATGCTGTAGGG-1,0.0035374715419796607
TGTATGCTTTCATC-1,0.011301708821621206
TGTCAGGAATACCG-1,0.022860555081731744
TGTCAGGAGATGAA-1,0.057023806393974356
TGTCTAACCCCTTG-1,0.003948351769294176
TGTGACGATTCTCA-1,0.6988528701994154
TGTGAGACTGTCAG-1,0.0474007378021876
TGTGAGACTTGAGC-1,0.023580130551838212
TGTGAGTGACCACA-1,0.002466481974503646
TGTGAGTGAGTGCT-1,0.07047136914398935
TGTGAGTGGAGATA-1,0.001695645449217409
TGTGATCTCTCTAT-1,0.006644524245833357
TGTGATCTGACACT-1,0.0020317741048832736
TGTGGATGGCCAAT-1,0.0018280233812725379
TGTTAAGACAAAGA-1,0.0014394648363425706
TGTTAAGATAAGGA-1,0.006554977373323507
TGTTAAGATTGGCA-1,0.0013728750442775588
TGTTACACCGCATA-1,0.3055124150382148
TGTTACACGACTAC-1,0.013551767398085859
TGTTACTGGCTACA-1,0.1313025744424926
TGTTACTGTAGTCG-1,0.0320567868442999
TTAACCACCGTAAC-1,0.01684525412403875
TTAACCACTAAGGA-1,0.0031367768404177493
TTAACCACTCAGAC-1,0.011720178053817816
TTACACACGTGTTG-1,0.01236548122122056
TTACACACTCCTAT-1,0.0090785869397223
TTACCATGAATCGC-1,0.006750914410481023
TTACCATGGTTGAC-1,0.5938563744227091
TTACCATGTGTCTT-1,0.007000129255983565
TTACCATGTTGTGG-1,0.003694673072055189
TTACGACTGAGAGC-1,0.15494093257519934
TTACGACTTGACAC-1,0.004338000687615325
TTACGTACGTTCAG-1,0.04462870220757193
TTACTCGAACGTTG-1,0.6419742272959815
TTACTCGAAGAATG-1,0.11624555869234933
TTACTCGACGCAAT-1,0.6184146735403273
TTACTCGAGGGTGA-1,0.07006391096446249
TTACTCGATCTACT-1,0.033063799453278385
TTAGAATGTGGTGT-1,0.007811532032469081
TTAGAATGTGTAGC-1,0.0013129214090036436
TTAGACCTCCTACC-1,0.0028129563078336003
TTAGACCTCCTTTA-1,0.005374132953066792
TTAGCTACAACCGT-1,0.004943518647147964
TTAGCTACTGTCCC-1,0.09124648695190747
TTAGCTACTTTCGT-1,0.050474698551827006
TTAGGGACGCGAAG-1,0.062133674406343035
TTAGGGTGCTGGAT-1,0.047105113354822
TTAGGGTGTCCTGC-1,0.034828858346574836
TTAGGTCTACTTTC-1,0.0014392753396855874
TTAGTCACCAGTTG-1,0.04290047391421265
TTAGTCTGAAAGCA-1,0.1820620654357804
TTAGTCTGCCAACA-1,0.009556632524537336
TTAGTCTGTGCACA-1,0.03587294814901219
TTATCCGACTAGTG-1,0.0041194360366918975
TTATCCGAGAAAGT-1,0.13507433070076835
TTATGAGAGATAAG-1,0.004524695486502929
TTATGCACGTCACA-1,0.006043081682744539
TTATGGCTTATGGC-1,0.6125945647557577
TTATTCCTATGCTG-1,0.11151780188083649
TTATTCCTGGACAG-1,0.01443070212068657
TTATTCCTGGTACT-1,0.008962219192956885
TTATTCCTTCGTGA-1,0.26016461849212646
TTCAAAGATAAAGG-1,0.08071144504679574
TTCAACACAACAGA-1,0.010503861458144255
TTCAACACCCCAAA-1,0.003562005362861479
TTCAACACGGACGA-1,0.03396218464088937
TTCAAGCTAAGAAC-1,0.06292977039184836
TTCAAGCTAGATGA-1,0.02106894961454802
TTCAAGCTGTTGAC-1,0.05470720078382227
TTCAAGCTTCCAAG-1,0.001991993042692128
TTCAAGCTTGATGC-1,0.021680745710101392
TTCAAGCTTTCGCC-1,0.02555373518003358
TTCACAACCCGTTC-1,0.02151699087375568
TTCACAACGTCTGA-1,0.005123640501147343
TTCAGACTACCCAA-1,0.0023883917019702494
TTCAGACTCTCGAA-1,0.004397890672812032
TTCAGTACCGACTA-1,0.11595532132519616
TTCAGTACTCAAGC-1,0.9399105840259128
TTCAGTACTCCTAT-1,0.0031067851620415845
TTCAGTTGCCAAGT-1,0.022601094769520894
TTCAGTTGTCCTTA-1,0.2536417692899704
TTCAGTTGTCTAGG-1,0.0019246890959847304
TTCAGTTGTCTCGC-1,0.003616857749875635
TTCATCGAGGTGGA-1,0.002342975536723518
TTCATGTGTGGTGT-1,0.021629600630452234
TTCATTCTATGTCG-1,0.03613853842640916
TTCATTCTTCTCTA-1,0.0010920521478207472
TTCCAAACCTATGG-1,0.0028917048022978837
TTCCAAACCTCCCA-1,0.013082917262282636
TTCCAAACTCCCAC-1,0.004324578633208552
TTCCAAACTTGACG-1,0.011299795936793089
TTCCATGACGAGAG-1,0.004690860592139264
TTCCATGACTGTCC-1,0.0012329057758001403
TTCCCACTTGAGGG-1,0.006350281845597137
TTCCCACTTGTCTT-1,0.05652548703882429
TTCCTAGAAAGTGA-1,0.0015104442605257242
TTCCTAGACTAGTG-1,0.022339624404493306
TTCGAGGACTCTAT-1,0.053160580082072154
TTCGAGGAGGGCAA-1,0.02068786643859413
TTCGAGGATAGAAG-1,0.4601527882946862
TTCGATTGAGCATC-1,0.035256612942450576
TTCGGAGAATGCCA-1,0.0024103495395845836
TTCGGAGATGTGCA-1,0.009994172853314214
TTCGTATGAAAAGC-1,0.004555331808256192
TTCGTATGGATAGA-1,0.06633148673507902
TTCGTATGGTCTGA-1,0.001896742163808085
TTCGTATGTCCTTA-1,0.22510850263966453
TTCTACGAACGTAC-1,0.009751945630543761
TTCTACGAGTTGGT-1,0.05088608981006675
TTCTAGTGACACGT-1,0.11285643527905147
TTCTAGTGCATGAC-1,0.004023402909903477
TTCTAGTGGAGAGC-1,0.05258586262870166
TTCTAGTGGTCACA-1,0.05414594689177142
TTCTCAGAAGAGAT-1,0.012587774777784944
TTCTCAGAAGCATC-1,0.021196981529808707
TTCTCAGATGGAGG-1,0.0994323848022355
TTCTGATGGAGACG-1,0.012421778813909946
TTCTTACTCTGGAT-1,0.028794426884916093
TTGAACCTCCTTGC-1,0.0023386620062713823
TTGAATGAACTACG-1,0.02760815260828369
TTGAATGACTTACT-1,0.0014949682146026236
TTGAATGATCTCAT-1,0.006908768063618077
TTGACACTCTGTAG-1,0.014554285030398104
TTGACACTGATAAG-1,0.002069924592635491
TTGAGGACAGAACA-1,0.016184433829039335
TTGAGGACTACGCA-1,0.6404529677497016
TTGAGGTGGACGGA-1,0.004314769525080919
TTGCATTGAGCTAC-1,0.14758038520812988
TTGCATTGCTAAGC-1,0.04421285664041837
TTGCATTGTGACTG-1,0.012011372975798117
TTGCTAACACCAAC-1,0.046521115427215896
TTGCTAACACGCTA-1,0.015777220535609458
TTGCTAACCACTCC-1,0.0034113318995676106
TTGCTATGGTACGT-1,0.05720745503074593
TTGCTATGGTAGGG-1,0.027406602063112788
TTGGAGACCAATCG-1,0.196245100763109
TTGGAGACGCTATG-1,0.004903161717164848
TTGGAGACTATGGC-1,0.012366465810272429
TTGGGAACTGAACC-1,0.004992631897847686
TTGGTACTACTGGT-1,0.09434382886522347
TTGGTACTCTTAGG-1,0.01224418985657394
TTGGTACTGAATCC-1,0.005478800908248458
TTGGTACTGGATTC-1,0.0071633214312088155
TTGTACACGTTGTG-1,0.0018501423263741243
TTGTACACTTGCAG-1,0.019877992389309738
TTGTAGCTAGCTCA-1,0.3282143175601959
TTGTAGCTCTCTTA-1,0.060554310886396304
TTGTCATGGACGGA-1,0.013043202175241377
TTTAGAGATCCTCG-1,0.03912604362186459
TTTAGCTGATACCG-1,0.022950093779298995
TTTAGCTGGATACC-1,0.01858204360016518
TTTAGCTGTACTCT-1,0.944985376463996
TTTAGGCTCCTTTA-1,0.0035228807505013216
TTTATCCTGTTGTG-1,0.0954279222836097
TTTCACGAGGTTCA-1,0.0033388167179913986
TTTCAGTGGAAGGC-1,0.003676495062083834
TTTCAGTGTCACGA-1,0.007123474833659
TTTCAGTGTCTATC-1,0.003456538462261152
TTTCAGTGTGCAGT-1,0.0031280066695116046
TTTCCAGAGGTGAG-1,0.01021841722023156
TTTCGAACACCTGA-1,0.5740602711836497
TTTCGAACTCTCAT-1,0.04219124197132058
TTTCTACTGAGGCA-1,0.6808234519428678
TTTCTACTTCCTCG-1,0.005593620460583932
TTTGCATGAGAGGC-1,0.003740177594914308
TTTGCATGCCTCAC-1,0.0043863338069058955
